id,name
ad4f2237-4749-4c1c-b25d-e70e0d27773c,2d graphics
055b35d6-bd7e-4ebe-842b-5e01524727e7,aacgm
a25e3698-45f9-4a2a-851e-97479a2b9370,aacgm v2
60416fc6-7ba2-4df9-b267-9ef0138663db,absorption
a34c3b78-fac0-45c2-94c4-da38e7f364de,ace
a41c721a-1ef3-4d95-8892-81e53bd183d9,ae index
cfb509b2-1887-4f4c-80c8-0275b5d6b0f0,ae-index
d4580470-6cbf-4aca-9e74-9a1efa9a6798,aeolus
b545900b-03ff-4ce4-9b1c-38ccfde1d10d,aeronomy
245fe922-7940-4be1-b88e-dc835bac13b2,aia
2033f602-c828-46f5-8b11-b0b7c82e04ab,airglow
6ed1e510-4598-4588-a1b1-08aeab8ba52e,akebono
c882ea88-d97e-4c1d-8e87-457bf7ed98d1,all-sky-camera
946edb6e-29ec-4d36-b310-d16afa0a28b4,all-sky-imager
188b8376-2efd-4a49-9759-daa6607a8431,altitude adjusted corrected geomagnetic coordinates
ecb712bd-1e24-4f6a-9004-8c1e3fb5f313,amateur-radio
45051bdc-8e6a-446d-bbda-3cd23771cee3,amda
15ac694c-8bcb-4621-a757-33f6ff0c3a4a,amisr
7faf9d5d-2555-4042-9a02-14710d363599,analysis
b7d3fa2a-34bd-4ef6-9b5f-e9f3b3440ff6,apex
f17cf2c4-7b5c-419c-8ae3-2add8fc652dd,API
d5da21d4-3bd2-4a0d-8915-9e6af47c53de,arase
6dc02177-ea9e-4092-907f-8bf1ad128756,array
e6975d71-2a58-4656-883d-c7d7f1b5bac3,artemis
a7d9186c-ada5-4ec2-84b4-be0dd9e788be,artificial intelligence
bd40cb4e-f5ef-4a30-a7cc-e497b3345f96,ascii
de2fcd45-d9ee-46d8-b138-c81faa62ed5a,astrometry
973ce4a6-0802-4670-8b20-0f1056b2c273,astronomical algorithms
e0410248-2b43-4409-9866-f22870ead9b5,astronomy
846623f5-14dd-40dd-8cc4-91d8c9ee3340,astronomy astrophysics
c6ecaebb-d59a-4e35-a55a-c762268f4494,astronomy software
db94b20c-8649-4aa1-af5c-2f3b7be1f047,astrophysics
0c76f1d2-732c-4f6e-9071-5d085fc8067f,astropy
ab6ae3c5-c2df-4742-a396-96d6cf69fcb0,atmosphere
a9976473-d600-4b1a-8240-d6294ee2074e,atmospheric imaging assembly
897c37c9-f999-467f-8a8a-6a6f5487b0b1,atmospheric modelling
8fd51d2e-991f-46fd-adee-96179a814023,atmospheric-modelling
7b964481-b454-48dc-9ea6-79bf5b1e5f92,atmospheric science
72baf0f7-35d5-4bf4-beea-49fcd78e2679,atomic data
9b6cc008-687e-4955-8c11-5510159a2533,atomic physics
158dfa57-4adf-4b97-8c3e-ca5face9b71a,aurora
fd9e0df7-0f9a-4cb6-9944-6eb93fffa1a2,aurora borealis
9b20b075-2f51-44e7-b6d0-5d60c72fd041,auroral electrojet
bc60ddb6-b39e-46e1-95a6-ba99a381d2e6,auroral emissions
e4a41949-ea68-44e0-97f5-b5defb0bd7eb,auroral optical emissions
73e4f1aa-0866-4a63-9a91-96fefcbbb871,aurorax
2feb19da-ac99-4318-978a-ca6cc75868ff,balloon borne
96685417-2bef-4fcc-9022-c3484290b84f,barrel
5dfe7b96-275a-4402-a6e0-8690236a16ac,batsrus
dbb4f161-e068-424c-8943-f35f053403a9,binary
9050825b-a63a-4e38-b77f-2c362626534b,build-on-run
626c9361-b1dc-48ac-94d3-c716d053ec12,calendar
bf78ea45-9c53-42ab-96b1-db056b12c2c9,calibration
11439a17-15c6-4ea0-806a-6855e94df885,camera
65e77135-07a0-4124-969a-f585e2defaa6,ccsds
c1251819-ceb2-4e79-a3b9-de161ef85627,cdaweb
2a391fb5-43e2-46c4-8515-1c7b6017b6ac,cdf
414b2ec1-970a-4e71-9c1e-3558d2eb6cd2,cdpp
67aee2b4-993d-467b-bf95-0f10b7878ef6,cgs
7978ee68-7ea6-421b-8547-641004b689e0,charge exchange
c13bbccd-ea55-4ff0-9283-30a72b9463cc,chianti
41d35a73-8c20-4ae0-ac82-d813255a617f,chianti atomic database
77835e03-923a-4a10-b77f-ec7646b0f000,citizen-science
84dd116f-a104-46db-b981-a3975e1ff37d,climatological models
f3a530ef-a3e1-4e9a-b7fc-587f21fd0250,cluster
ff64e173-a270-424a-8f5e-5ff20582bb67,CMake
c54c47cb-7f28-4581-9e60-b08924069f74,cme
9fdb9926-280e-44b4-bf56-ae2fe0242d7a,cnes
4471b0c9-6e7e-44b8-b58d-f183c0aced64,constellation mission planning
96648e95-6731-4658-b67a-8454afc8fc0f,conversion
6789b380-e08f-4800-b51b-1666f42e3f1f,converting
30c1b218-7330-4a9a-b5bd-a8c8a2ecdd4e,coordinate
81fef49d-c1f8-4df9-b9db-dc29ed3093a8,coordinate conversion
55a28c25-d5d1-4469-bc2c-76664cdbf6c6,coordinate-conversion
354168d2-6268-432f-a091-7f4ab72fbef2,coordinates
4f667e30-b2ea-4f42-a908-a3bf8da5aa00,coordinate systems
32347f93-20dd-4c31-9578-12c44022740e,coordinate transformation
e4d9d020-e747-4866-9a55-f2d530d5ba15,coordinate-transformation
56765abf-02a4-4104-99d0-96ad61a95823,coordinate transformations
5a352041-e705-4f1c-a708-794b5aa651c2,corona
745ebe69-08e8-4075-a6f5-d368c1c5ddf0,coronagraph
6e6ee660-fd57-49db-980c-3ff90a7fe052,coronal holes
b5c68956-cc9e-4b7e-85f4-0bc5312205e4,coronal mass ejections
21991143-0622-4f5f-a416-95bbc102bd42,cosmic ray
af059aea-23f2-4793-8bdc-82c19e0ab5dd,cosmology
d99b93d6-ef4e-4f4f-89c2-eacbcbf2ad62,cspice
6d5fde02-72ca-4635-9dd4-a1876654edaf,csv
eea8a4c8-cf70-4b4d-858e-79568f436994,CubeSat
71671520-b0b5-4f09-b4b3-62cc4ce68cec,cutoff rigidity
ea4413b0-97b7-49ca-97de-ab105127215a,das2
7ac1911c-a4e4-4263-a188-f72b2232d928,data
b43adce8-73c1-4753-9832-edb3c2b7e466,data access
35c7eac7-4a89-422f-8119-a7d489e8da55,data analysis
297d7c4c-6b7f-49b2-a413-f72f92ac7656,database
bded9284-fd47-488c-8913-17375acacd5c,data container
933cfc5f-58e8-40be-99f4-1312da10296e,data management
117d3245-f2e3-42a4-a199-824f2d4d54dd,data retrieval
37b706f3-d93f-4435-8b7e-d26644ddfd30,data_retrieval
6af4e4ff-ca94-4e88-a825-53c43b2b9d10,data visualization
4e7115af-1b81-4ca7-b261-7940dd651ec8,date-conversion
6bde188a-cfc7-4c04-baa2-4bbf96b55cb9,declination
a6c31435-2d69-4991-8073-efbdf4e6ccee,decoding
e68e8ad3-e443-447f-ae5f-7e39e4413aa3,decommutation
853adb4f-709b-4aea-b519-c2c3f54cabaa,deep learning
731a8319-3065-4e01-86ef-99687f309c6d,dkist
32e14a27-edb6-45e3-a3b5-69345e3b9ece,dmsp
a84d585b-c0a5-4d92-ae79-c593f7d6e0b6,dscovr
c81dfd22-3b80-4783-b21f-d009e40e4334,dst index
a0359da0-9355-4217-b653-1e485c7658ea,earth magnetic field
8f1d0c47-a40c-4657-b1f2-94ff18517834,earth observation
31703528-a493-471a-9880-2c67b2355c5a,earth system model
7e06dc65-8f88-45d9-aa3f-5ef150b32137,eiscat
4811c164-7d06-4845-95ad-c71cb87bcbc1,electric field
d041880a-b0a8-4571-afed-0c970c8a1973,electric field mapping
a7a5a0f3-fe98-4804-940d-8de3ab725e90,electric fields
0f9a1ee0-8ad6-4525-8df2-344a38d5f083,electrodynamics
d0482a9f-dee4-40c5-91d3-a1dabee17386,electron density
d2bc892c-45d4-4357-8b33-68ccf9b08440,electron precipitation
49e8a801-c3f0-4043-899a-2e7da071d05b,electron temperature
a67ac777-7ec0-4c68-ae09-541af914a323,elfin
97c079a8-b323-4d63-801c-53b92b75484f,emission
d1ed3417-d051-4f70-87e5-6da3bd504b6a,empirical model
75ec7fe1-5291-4268-bdd6-2b7d5bf0d71b,enlil
e2beef79-8312-4db0-abf2-32440274f958,ephemeris
da67a035-f62f-4cef-b988-588229414143,equator s
732d6095-85fe-4b0c-a45e-af2a3b797680,erg
1d4fdf94-a85a-448e-be83-c5dfa24d45dd,esa
01c8fa66-67f7-45ee-9e06-c28be6f431af,euv
737c48fe-9cb7-43ac-a4b1-b7e8f4ab6b74,euv waves
8b8f5063-ac8f-43b7-b1e4-33924c5fbaf5,event detection
349385c0-fde6-4f5c-8d5b-032c34157624,excitation rates
1db2e267-2b16-467b-9bfa-4f306429f515,extreme ultraviolet
8ca0c394-23a1-4346-9ba5-41e70d05495a,f2py
e2850c52-a266-474f-beb6-b24d6717a566,fast
f2ed22c9-604e-4685-a69a-0fc8160187da,fermi
d8a0af88-9ea1-4c9c-ba43-81d2cec23c44,field aligned
d67d2052-c84d-4212-a291-dc1630f3215e,field line tracing
c050ce89-2037-4973-b39d-4effdc4de429,field-line tracing
3fcb2d71-faba-4305-a537-e3510058e124,fields
93bb8b49-d2d7-40f4-a5e4-967df20e6171,fits
354e8131-fbee-4a1e-9e65-b382e8b582e0,fitting
9df2f7c1-7e70-4215-86bc-35fa4f03f8c4,flare detection
93c0d169-b829-48fa-b3f6-afb587264596,flct
27a4ac6f-2585-45fb-9724-f319bf968173,flight control
a835d6e8-3c0b-4360-aed5-3bf3a446a5a0,flow field
f733a2ea-2dd2-4423-8a63-3039a2b3cc47,fluid dynamics
dcc2bda3-d0fc-4c28-80fa-f031fcba48e8,flux rope detection
24c866be-7e3b-4f71-958a-ecf9260b07e2,flux rope reconstruction
000a211b-15df-4d6b-b679-daaf781b99bb,fortran
48c5474a-1b25-48a7-9757-dfd899628ae5,fourier local correlation tracking
0afdfe32-c26b-4da0-b813-48bedb3ae84a,functionalization
7aab6caf-c730-4e92-a891-31b748bd3d98,fusion
bd8f38c5-caf8-4996-a45d-ccd34ebc2b42,gaussian processes
dae5d30f-2d46-4178-979f-bb8686f17272,general
f1e0eb79-7f8d-40a0-ad4d-8654586815d7,geodesy
f83bcd90-c63f-4c32-8ec6-08ef578ea471,geolocation
ef2d1318-5e37-4140-ae47-91df65990d65,geomagnetic
454eb6e3-dc16-4d6b-8300-a7db856bd0a2,geomagnetic cutoff
fcef540a-15b3-4025-9b76-c8220cf6df46,geomagnetic field
3be5059d-b41a-411f-8011-062c103b91f2,geomagnetic index
0b027f34-27df-40eb-95f5-234761539cd3,geomagnetism
e233ce92-6fc6-4d72-ae71-1dae63be3009,geometry
a3c32918-fcfe-4670-823d-4679ed5ed6ae,geopack
3325141e-4dfa-41cb-ae53-271d378e56cc,geophysical indices
365ed46a-b2f4-4616-86ce-9c8eeacac7fb,geophysical-institute
e8a76664-634c-4698-9535-b1f234842baf,geophysics
04e9fd40-f52d-4d9a-9bbd-639ae7b80e6a,geoscience
85f0af6b-4960-4865-b91a-32b99df28d81,geospace
e7dd6813-4a6b-4250-b2b8-2217a7eaf30a,geotail
f0ce09ec-4a54-4edd-86d0-2ffd30df77ca,gmag
a0c6ff32-b1c4-4ec1-a5a9-e5754390143d,gnss
f4f0731f-fbb1-49d7-8cc4-e8b1b63037de,goes
91ccee19-d55b-424f-a88b-dfe5ab499d90,goes13
1d8ce947-b942-478b-a054-4fedd12b2cee,goes16
23f9b1f6-8e91-4a2a-a387-b18ed68b5ec8,gps
0766354e-ac7f-4224-817d-a181cad23599,grad shafranov
60b921f2-93de-4539-afa2-0c5e7593520a,grid locator
61701154-2e95-47c4-b101-38508a224a95,ground magnetometer
df192e2e-7ff1-4c25-b4b9-0019c6b5faab,gui
b60d7dac-3dd2-4ddb-9cd3-95106029bdc8,hacktoberfest
ded41705-3a2e-4124-ada8-441b9c2e3c1c,hapi
4063b9dd-1f3c-4682-9ebe-61754ef284d3,hdf5
c8de4ad3-1e94-421f-a3f8-8823f174b3f1,heliophysics
a5e307ab-2e31-455c-a29c-4d5b99580a9a,heliosphere
51c45c61-3cb7-4652-99d7-6a5a6b0f778b,hermes
1c4ed45b-c440-48c2-a7b3-b4b62e438e09,high-energy-density physics
930e9cc9-28f8-45b0-ae21-f7378466c410,hinode spacecraft
ec514634-3c8a-4744-a352-0bdf0a972f0f,horizontal wind model
a0958e6d-62f3-452b-b282-113b08403a58,hso
3cad6ddd-fb1a-44cd-b49f-86074ce183d9,hwm
464b8bff-1a92-4161-af99-524f70b57acb,hwm93
d362a612-07f1-405d-9338-fb6a79bd2729,icon
edc90521-144a-4b02-86d6-a6f70a3e7c3e,idl
436a1cd1-7d04-4cc2-8074-def80349f602,idl save
ac090fad-af67-46bf-8e8a-122f4d432f95,IDL SPEDAS
caffa93f-c1bf-41b9-a24d-4eca6c41646d,igrf
7257a461-ac0d-472f-b112-187e09d6916a,igrf12
8c8ee209-ba4f-4160-b94a-f751b68dc51b,igrf13
b429ef22-474f-4467-852a-18f2d209b3ec,image
4ed9e1dd-8486-4d85-8e0c-2ac4528772a0,image analysis
c210a733-c77f-409f-9999-f20441eb3e40,image processing
42ce08f8-65ce-4fb4-bfd7-868717549041,image reconstruction
d9a89a58-69d0-47bb-a847-a515cfeb2eed,IMF
07b1a9da-35e3-4b7e-a760-d6e975ad8f2d,inclination
8ff3ab6e-5071-41ce-8fba-4ab639e77cfd,incoherent scatter radar
d3cc9aeb-7e16-4fb6-9d20-16b8f1391ec0,in situ measurements
788c1684-ee6d-40b5-a595-2147ce51c68a,instability classification
0fadecab-0e19-46cf-9a51-d43beff733df,instrumentation
581dfedd-a42c-4c8a-8a83-e2fcad5c43ff,instrument data
eb8669e1-42a1-401f-9d7f-de5bd66bc460,instrument response
f55269cb-ac4c-4b21-a4df-723eb43e932f,interactive
516292f8-0a07-4fb2-b8fe-3b6684a26d1f,interferometry
dd12e437-7949-4d1e-97dc-8781e873b77f,International Reference Ionosphere
e41385e3-a6d1-4ce4-84d0-af5642099f92,interpolation
b07819e6-9d2f-4d81-8935-0d61753b53c1,inverse problems
64173d5a-053d-4bc5-b474-354399b0b062,ion drift mapping
b903dc4f-3ed0-4f2b-a671-a309c1312ad7,ionogram
e448c03c-7de2-4d42-9e60-815b6caa862a,ionosonde
a06141be-91d4-4b51-b597-7dab3213178a,ionosphere
8abdaeaa-9590-466b-8c90-dee3beeefc11,ionosphere modeling
69de5114-dc0d-4348-a5c3-54ac4d99a006,ionosphere-modeling
26280f9f-9c08-4b72-acd2-fe27eea943bf,ionosphere thermosphere mesosphere
bbd193e0-c22a-4c1d-a787-3efaa787c893,ionosphere_thermosphere_mesosphere
6982c10b-5c1b-4e3a-9ead-6d28862a752a,ionospheric fluid electrodynamics
38b5ba56-5028-4220-81ee-72433b86d94a,ionospheric physics
dcea5ba1-f07d-4ca8-9c00-f9249cf4eb73,ionospheric sounding
9986c7d4-1117-40cf-bf39-516f2e7bc896,ion temperature
c61f6818-7d02-4ed4-a509-1c169be2f4d5,iri
ce1c86ce-b66e-4b99-a276-0eba9d18bf4a,iris
50b5b1b8-a55d-4ec0-b110-177c6ca4c84d,istp
433c87a4-82e2-4d6d-a333-fdca3114313c,iugonet
615d7079-6f78-48d7-9f5b-7d1f2e9244cf,jaxa
309be1e4-4112-4125-b248-b6a10c8cc9de,jpl
5fb17ea3-b3a7-4c76-b772-177c5074a510,json
62a8dc50-3578-45ed-b5e3-b000f0f15ca8,julia
7b845cbf-40ce-48af-b5fd-2781d6e5d410,kaiju
8d152c79-d808-4e0e-ac83-b4aafc8d1c94,kompsat
f16c99d6-9693-4b36-8251-fda5b06acacd,kp index
9bd6669a-d83a-4294-8dec-15c1be2b82d5,kyoto dst
12d22617-06e4-40b7-ba60-524b305a6530,Langmuir probes
e2931f65-9469-48ec-9976-ba7fd84215c0,line plots
e49df31a-d5b2-43ae-88e5-0ae12d74a2d2,line_plots
7a939362-d9f8-4128-a646-38e81f553916,lmsal
aeeea1d5-58cb-4b00-ac16-2b222f79d792,local
d0890d23-23fa-4a3b-93cf-40a268e727e0,location
cf5128b4-9704-4b0d-8933-c7185ce48247,lofar
3c2d00ec-4922-4860-b734-58e66883f113,lowtran
b8099afe-1fe3-485d-a8fa-f5288b2a47ae,l shell
3e17c73a-9754-43f8-9450-f8acf8d45319,lyra
ac4323d7-c0de-4c9a-8731-2ce1c606b2be,machine learning
5a12d5ac-25e6-4472-9d56-520a31eccf76,madrigal
d7a983c0-bde6-4027-ab32-b69a1d5c2981,mag
23f571fc-97ff-4514-a1d3-c1e88f87aed9,mage
ce81db34-0e83-4736-8dba-67bbe85dc7e0,magnetic apex coordinates
f91fbded-106f-4288-8353-96af3e4ad899,magnetic coordinates
9f983a01-e9e6-41de-970f-8d431d79ce27,magnetic field
cf805a2a-6a80-4133-a1cf-9913b5f2afcc,magnetic field modeling
29d44742-2730-40c8-b1df-3f5826593339,magnetic field models
6f15480d-e2e4-4d35-8dd8-90f7fa64bb05,magnetic fields
c3764d26-b0d7-4da4-92fb-0c0c8bae6982,magnetic flux ropes
efb9c5f8-a408-4a73-bbd3-a29c81dfaa58,magnetic local time
fe7e1d58-133a-454d-a3e0-10d0d0b005bf,magnetism
42f3b9b7-42aa-4b73-8ea2-2594c93d2618,magnetogram
d17a93da-de27-4b24-b606-2a8368c90185,magnetohydrodynamics
a6f8a5e9-0a6e-4ec0-9cb2-4f89ad9f33fa,magnetometer
e0e47e8f-eb01-4a48-b02f-cb288a3ad43a,magnetosphere
7df2cea1-ddd0-44ab-95b5-9df4435597b5,magnetotelluric
f5cb7636-4781-42e1-bc77-4c223c5008f2,maidenhead
da4818d3-1894-4f67-bd44-e1a299f4a9ca,mars
9e57b7ae-e1d6-4c79-89c3-920b34b9f98f,mars-global-surveyor
71daa705-6da2-41d5-95e9-fa27fcb4bf0b,Mars global surveyor
7d626d0e-652a-4820-810f-c2a585d7d804,matlab
ff7870ce-2de0-4602-8f16-b75927adea91,matlab-python-interface
96087f22-4a57-4b73-a13e-153bc7b6a523,maven
b346a12f-ea41-4891-9045-161f4360fe40,meridional
6aac037e-3f53-4ba0-b2b0-47ffd6126864,mesosphere
17cc1190-514d-4a82-8483-2c3137e34ba9,metadata
a61b1be6-bc4f-467d-9ff6-e500d36c3fa6,mica
ac95a9c6-ce70-48ed-a092-8c02cfb9ab27,mlt
18314bac-3133-41b8-bd62-a3c0c929dd3e,mms
7d7c940d-b068-453c-89d0-6da71dc94cbb,model-data comparison
cb327c2d-25e9-4645-9a16-adf50a331ff8,modeling
3bf25213-85e9-43c1-a66d-575720721d23,model output
be23c95d-5265-48aa-8b90-54320ec84ee2,models
baefae43-290d-4ede-8b95-634176232557,modified apex
cbb2fe04-61e8-4921-b093-c108e8072e44,moments
656947a9-df0e-4e90-bccb-8f9a97f54f75,msis
eb419021-3293-49de-b6b8-8b025ea160c1,multidimensional
de109dbb-ed70-4267-8209-4643300ebdbb,multi dimensional data
b31454f5-440c-4eba-8c84-661d295ec8aa,multipole
f178cb01-d745-4d02-9bef-a0e56c0eb343,naif
817fb6c6-4a49-4a30-b9c2-31edec30dcf2,nasa
5e590ebd-59ec-4e2c-895b-72580524514e,nasa api
c7832fde-8d0a-489a-87ae-b65ce7d5efd2,nasa cdf
1bb6ca8f-8a69-4bb8-ac4e-a7ac7f5ffd4e,nasa data
bec83a8d-f4e5-4dae-8279-4aada5479d52,nasa mission
33dd35a7-1b9b-471a-b988-c8c3663bd2c7,navigation
cc645ce7-3ca1-4c5a-9d94-f4bdf9b87c94,ndcube
641d7ce2-271e-4984-8004-fee81fd78fbb,netcdf
9bb1a599-dcff-4641-8d26-6158aba7d028,NetCDF4
9b5634e7-963e-4ef3-a3c9-2a9d0ac7342f,nexrad
48822c03-ef13-4a69-936f-edb06d4dea15,noaa
3714cc3e-b9cf-49fb-9bd6-94108a983750,norther lights
52d2d215-9d6d-4a53-9e45-2a93eba544cb,observations
4d7716a7-1ada-440b-b542-df98ed896833,omni
bcc881d3-86d1-4776-a5fc-2af976de0f07,omniweb
06430940-3033-489d-9e86-f798d492ff54,open data
c06b69f5-304f-46cd-b567-a3a26bba6ad4,open source
05aa50e0-1527-407d-a3ef-b61c328fa7fb,open source software
0b40bbce-7296-460f-99d5-02a3b1b652b4,operations
72a78108-4cd0-41f5-bb9b-4215effd7521,orbit
b624b3b8-f7b0-451c-b4a2-ca68d5587687,packets
9351b86b-1baf-4295-bbc5-ab14845affe4,padre
c49740b4-31a4-437b-9a2a-d4b020fba389,parker solar probe
112d4b1b-3877-4751-8362-f4b413a01e5d,parsing
57b83f14-84cc-4bd2-9c79-359fa3399d25,particle moments
22570da9-86af-47ab-b2f5-b20f1d44cf04,particles
993df0f8-8301-492c-b771-3e766e1ceb7c,photosphere
34055ab4-4b88-4b4e-ade4-a800969d7ad0,physics
a2db8b31-bcfb-4670-87c6-a0583a47ece4,physics-based model
527db8f6-dddd-4e7a-8f84-f081f09fe924,pitch angle distributions
d72737b0-220f-41d8-a4ff-9b94a97c2d95,planetary
291883aa-cb27-4618-972e-64e59631a187,planetary science
467425d2-4e22-4151-ad17-bc97e3c0d8bd,plasma
3fbfb55e-6708-47df-8c03-91ccd6da2a89,plasma astrophysics
0505bee9-1612-4221-921b-5c2ed1196b08,plasma diagnostics
68a3fdc1-db80-429d-955d-9a7ea0257917,plasma instabilities
05a4d17b-6bbc-42bc-9e4b-cbfd061336af,plasma parameters
812975f7-d2a5-4b4f-b8c4-eb5c9a418c72,plasma physics
8f34bd37-5778-49af-bddb-8590088acc3b,plasma science
54b8cce6-e26d-4809-a1df-e0c422d81328,plate-scale
52853e5a-c8ba-4ce8-9875-8120bee89742,plotting
e304e99c-a1e8-4b31-b12b-a07e8e703ea9,pmc
e5800464-5e79-452c-ae05-32a31154525f,pnst
3a5fea24-1496-4efd-86c5-8445c8cf0597,poes
9df024d6-d208-4e63-9d4e-00deeb71802e,point spread function
0f9e5f06-4619-43dc-8495-69e59ae87c30,poker-flat-research-range
5e645e55-fe32-48c2-8114-91d5762126c6,polar
cee755e9-ca0c-4074-bcce-f457b5121b49,polar mesospheric clouds
3e094a77-87f4-4740-b748-3899dc2b6c07,polynomial analysis
5a7fe04d-7598-4122-8fbc-4fabe95b15ff,power spectra
26406797-4802-4c63-bbdf-e6cfe1a8ddf3,proton radiography
a9a4116e-3e4f-4cb7-8497-eba59e49fbbb,psf
0cd449b1-882e-4c73-95e4-38409d5b2ef3,psf estimation
d07af06c-ad30-458a-bfbf-09d17aab4c52,psp
53595745-bdd9-4a84-9d41-a3b0f8bf83ff,punch
dafb54de-1750-408c-b675-ded62c1ba58e,pyhc
542b4a5d-5028-4fdd-8f6f-b69546e3373c,pysat
4d6a1fcb-4a48-4bb8-ac16-e47941708b4f,python
0226a986-1efc-41e4-9384-efd7b05ce4aa,python 3
676235ec-7cc6-420a-9aa3-3c6f817d14f9,python package
183a7933-6a30-4a11-9999-967589bd2faa,python reader
3135ddbe-14f0-488b-95b0-33d61ab2dff8,pytorch
f1951c41-caf3-4c18-9cfe-4b013bd56a38,pytplot
96ef6a93-d327-4ee2-86d7-f31560286133,quasi dipole
e0593ef1-d8ca-404f-b48d-6fe27b5d1531,quasi dipole coordinates
3fe5a736-5843-44a8-8be5-af082dbed730,radar
58d6c388-0654-49ca-935a-19e2fc7efe74,radar measurements
6a7dd3a8-a1bb-4db2-8372-67140f439da5,radiation belts
ab30f7fd-b6db-41e7-b88f-5e03311009e0,radio
5667becf-123c-4443-ad19-db6d603141bb,radio interferometry
de496742-b0c3-494d-b743-ae782f31d863,radio occultation
e647adde-72ec-4bc8-ac8f-beb6510158b5,radio-occultation
173a0a3b-1fe4-45c3-9f3e-f8557765603c,rbsp
330865ad-407b-4a39-bc4b-918bda125344,real-height analysis
2166bd4c-6910-48bb-8292-a6eefc53af50,reference data
ec9b811f-62fe-4908-b42b-b950d08c1727,reflectivity
46c19dcd-c9c5-418d-be0d-b30db4b8ce2e,regularization
c0cd3f2a-24f3-4ff2-9c28-ee03de6212d0,remote sensing
8a2ca3c4-a9eb-4839-8c9c-3579783374b3,reproducible
03bac30a-d541-42f6-afef-fc448d2964d1,rhessi
ec224f7a-6057-4788-9cf6-4c12e721351b,rinex
75bb205f-3b77-4cce-81db-946ef63fb29a,rotational tomography
ce4fbe62-bf60-4924-88c6-e3413fc872eb,sami2
b5aa09a9-9577-4221-b67e-1070d2b4c569,satellite
da460356-759d-4e35-9b12-f9154027ecd7,satellite data
5b838c99-5d22-4909-a9df-3aa42e5c2510,satellite flythrough
8dd20d5d-428d-4abd-b7f2-57512caa1fa8,satellite-magnetometer
644614e2-c3d6-4741-a921-b74be24d693a,science
5da972d8-3b26-4d16-bad1-41d06ddf20a9,science research
9ef246ca-94e3-439e-8cb5-99e6fb432bc2,scientific computing
23f422cd-5ca0-4dcc-90bd-f25b4e7db13d,scikit-build-core
2c292171-063a-4496-bb9c-b1044bbc1ad9,sciqlop
0d9846f8-29c2-42e2-a08e-26c24af629ff,sdo
d99fb2cc-e062-4795-87e7-5e49bddbfbc3,sep
00231ac0-f821-43f8-871f-4f3b7e50fd34,shock waves
20d35b2e-2997-48c2-a6e0-30320700bb0f,shue
7921bb57-c325-4b2c-911f-9f042bd8876d,siddon algorithm
7bc60317-69e4-456b-bf9e-c197ffc183ef,simulation
e1a805fd-8b80-4289-95ce-a77b40c785ed,soho
bca84a17-1bf6-426c-8404-cc80ae987ead,solar
57966745-3351-4de7-a481-ee3920f25055,solar dynamics observatory
9aac2895-9937-4773-95c2-e2bcbc20a25f,solar orbiter
89ac1236-d27e-48d4-bed0-9dd239b93856,solar physics
94074979-2312-4c5f-8f34-a36f04851df9,solar soft
21f53601-3f23-4535-9278-9f0fac292a45,solar terrestrial physics
7dbf8b44-ce6d-4e1b-8513-ed5796f00e01,solar wind
8d1bff6f-648b-442d-859a-35fba1c4069f,solo
3d090b8e-b8e0-481a-88b8-232347f68330,southern lights
cc4ca53a-385e-4a68-80f6-81ca9b844f1f,sp3
a0bcc826-5d43-47fa-84b9-08c3bb65b8ef,space
1f629abd-fc09-4079-a895-d77de362d60c,spacecraft data
b45abf60-b032-4a11-b927-ba56e1e6f2f6,spacecraft measurements
b2c75140-07b4-45be-ada7-0f5e0bec0033,space physics
013640e4-a0da-4e4c-86eb-68b84ce834de,space-physics
8f27b913-c9c6-4f4c-a07c-e5585fa7fb88,space plasma
e9c1a041-0658-41fa-bff3-6d984be93e16,space plasmas
00306798-badf-492d-86a0-06dc929cc690,space science
cff2bf61-81e0-4f96-bb6b-ac5521a98f3a,space weather
0364496f-25f0-4e3e-a4ad-b6089686248c,"space weather, heliophysics, artificial intelligence, machine learning, cloud computing, python, amazon web services"
6d911a12-417c-45aa-9b6b-57379d432d33,specific
76503b4d-abf9-48b2-8ba4-64a54fbe2105,spectra
55fe7d90-2260-4292-92c8-a72005c0d7a3,spectral data
b4e50c00-fe91-46ab-9373-bd4c7f382085,spectrogram plots
c79fdbb6-60b9-40eb-b08e-ab3e4870dfaa,spectrograms
1fe692ab-c81d-49ff-947d-a64bf9e42524,spectrograph
4c9c357f-a11b-4ede-b32c-46bac8532a13,spectrometer
0a20ea22-d50b-4cb2-802b-733f9611c720,spectroscopy
dbfc52db-2a28-44e7-8515-6bc5c8db9ac5,spedas
9587b754-1224-42cd-b1c6-de0c29979782,spice
6ff00ac7-49cf-4b1d-ac93-fe3fbc513e58,spiceypy
191d033f-64ad-4945-8d6b-a162ae9161c9,sscweb
125651f2-6fd0-4b56-9466-15f7e918fd67,ssw
06d0229d-e8b8-4605-8380-af5837b0035f,sswidl
6a0dbdb3-2b48-4057-8c8d-067a860f6e75,standard
07856a45-58dc-4549-a6af-63cd4be1ce4b,statistical analysis
f6eb2b1f-78e8-41ed-a490-c7e41f608b3f,stereo
fc062896-5b9f-4360-aed3-6501c64a2eae,stratosphere
8407aacc-5550-47b9-abe2-ec0688e9aa9a,sun
858eb218-38d0-4658-af3e-97fdbbbe90b5,sunpy
d6d6157c-8554-4e4d-b0a1-e22ce85f3665,sunrise
38aeef08-ad46-454e-ab40-be56837ea724,superdarn
8d13caf4-fd04-429a-8bd1-9b8068c3a173,superdarn data
0ea75da1-a7a5-4eed-a1fc-4a569b9ffe2b,suvi
3f4588d5-d52c-4f7b-af2f-4966a650a2b0,swarm
56f8498f-b862-4b70-b63a-d36e1c0ba13d,swea
e6e309fb-d176-4c5e-ac87-193cde534286,sweep-frequency
2bcf419e-4a17-4a02-b791-d99ab6f9203b,swia
683925f0-eaed-47dd-bd9d-fa55550bb4d7,swmf
45a9794b-80c0-4dbd-88f4-115015aa921f,swxsoc
6fdf1fc4-4652-489c-af98-75e586da76c9,synthetic
b6bee5bc-660e-493e-9a39-850259cc2b71,table
c2262f18-b5e2-48b8-8682-f9cf5a087d31,telemetry
4bacdcb5-ecd6-48b5-8c3b-79c8e99bfffd,temperature response
e0e82ae3-c718-4a0a-a802-3886b0782894,themis
1f834b5b-f0d1-42eb-9025-f8876e08d6e1,theory
ac7f6b94-db19-4b56-9cea-8df0981fd0a5,thermosphere
c4ad3763-1f5f-4fb9-bd1d-78db0b57b7a6,thomson scattering
bbb0aaf9-89a9-4ec5-ab86-a4279e999347,time
61dec726-3ed1-42fd-b66d-2037dacb8ab5,time series
1b15b720-159a-46af-a09f-68ecfc6c7e36,time series analysis
efb0b643-321f-4e50-8bc1-0278f9fcca69,tomography
395474b4-3405-4b47-81e2-8b6b87b1b1d6,toolkit
6d7d46b4-a174-4d49-b070-295ba41b4e1d,tools
d7b30d6c-b700-4372-8be3-2623ce607af9,tsyganenko
738959c3-765d-4b2d-a8f7-610f4c266b69,tsyganenko model
3201363e-3fb6-41b8-bf71-aed8e39224f5,ulysses
494b3304-bd2d-4ea0-b142-ea7c66f74dda,unit conversion
6393023d-1f42-4c57-a974-5a64f8b22317,units
b95cabe0-b5f4-4fd0-895f-2a335f560048,upper atmosphere
2d6ce044-2ef5-4cce-899f-4e50ad24cd79,validation
da6087fe-fa8d-4253-b3da-ed76f7332796,van allen probes
91831cc4-b2ac-48e6-9423-55a39a61f1e3,vector basis
75d7fe6a-4881-49e2-a6ec-1c2115feacaa,velocity distribution function
081ffdc0-9c3d-456b-b315-13a50246f730,velocity distribution functions
5f66ff77-3df0-421c-9530-4bc169d1dc90,velocity tracking
e2f6ddc7-fe51-4510-a28e-634ab69eb6b8,vires
ed75de78-084d-4f30-b861-a56324c4f5e1,visualization
eabf1feb-2574-4b09-95ed-fe0e202a672d,voigt
98bade75-9f35-483d-a693-81f7e370c618,wavelength response
c97fd741-40fd-4835-b490-1cf48ee277dd,wavelet analysis
0d6202ec-dc77-4707-b2d9-d903d3467503,wave polarization
d99e7943-165f-4cef-bd72-94695d9ed511,wcs
afb1811d-bac0-43a3-9146-ba556a8f5e5f,weather
0888931a-e3bb-434d-a406-4a8a87ab3090,weather radar
f3fc6956-bd7c-48ab-9a28-7a00e4d8eee7,webservices
f6cd4aec-1d88-4dfb-ba6b-e54ecc9e4186,WGS84
2764681e-50d6-4936-b3de-7de964ea4a91,wind
eecc728b-21f3-4594-85f3-27c19f1fc832,winds
e9e2c0ba-cc35-412b-9958-17a994d99d06,world coordinate system
94255c0a-7fd6-4c77-b5a7-189898840f1a,World Magnetic Model
8858eec2-cae8-4ba1-9f67-6952e7640e99,wps
3428fbd7-17c1-4c7e-be9d-74dfb76b7805,wrapper
ac3716e9-e86e-480c-aa7a-ac90b8e53e16,xarray
79e8f814-8968-4ab4-aa8a-8644d1be9be5,x ray telescope (xrt)
54187e47-8a68-4347-ae1a-6790d346ed8b,xtce
0db63d22-841f-42b0-a116-28714069344f,zenodo
0b364cf5-b022-4ca9-8850-40d45d90bddb,zonal
687f7e9c-ee70-4e99-a5a8-03c557ca6cf8,3D visualization
9a82c47d-cceb-42cb-aa85-41fbbc8584f0,aacgmv2
5ecb60e4-74d0-4d1f-9052-984200bcc3b6,acdd
3692864b-a3e8-4bfd-a8d7-951a7180cae9,active regions
5a073b95-76c2-4069-aea8-72cca0293162,adaptive mesh refinement
5d400460-05e2-4179-b1ce-f77b81b00182,AIA calibration
201601ea-f181-4487-ab4d-2c9883193310,All-sky imager
ca5b0fcf-124a-4b35-9150-ba750304df0b,amazon web services
86d2edc6-df0a-44c8-8116-80fd741a1f11,ampere
b40fd7af-52d2-4e17-bb2a-49fa677cd1bf,asdf
70669681-1487-42a6-9f91-9fe27b123706,atmospheric ionization
f32500d8-aa8c-4703-a77f-bf29010d8631,Auroral conjunctions
b8203c73-e392-4f69-a8bc-d759bc6fc993,auroral power
76b8eac5-750d-4fd9-85a7-bcc1ecc60091,aws
077bdc33-226f-44a6-83e5-0dffa1e7d9f4,Bayesian Information Criterion
0f0cc0dd-9c0a-421e-925a-de40fd7c8f9b,binary data
6ce493f1-6018-470c-88d4-afe08a23cadd,c++
5fbb1468-d89a-4e8e-a13f-74909229cf93,catalogs
268adea2-1d0d-4c96-947a-7c07f31954d9,cesm
fe03dc9e-3b25-47d0-bb6a-50f88f8548de,cf conventions
e3b5da66-c8b0-4cf5-9d43-82f4273278cc,CHIMP
3f3fa6f7-dd67-443b-9359-c9f679ef6671,chromosphere
f6e2935a-68ee-40a4-ba1f-b43d7adc04ee,citizen science
83da323d-0220-4281-a531-eee4de47a8b1,classification
104972c0-24b4-43aa-9ffc-e589c0e9fed7,climate
62ca6e94-1143-487f-b82e-87351a31c5ac,climate model
a10e5067-2a90-4560-8f5c-8c42e5736357,cloud
4ad5b5db-d547-4fb8-a4e8-24af83066032,cloud computing
cd3c3c30-3072-4228-9aef-df4ffce73708,clustering
c99b4b77-b458-45b5-80bb-b858cb263a68,cmip6
0f4106a3-86e8-44d9-b918-1e628d6093d7,common data format
96ad238f-6210-4688-87c6-ac95c932054c,core field
0fb5a2bc-5e99-47a4-9406-d65e27fc9786,coronal dimming
d58c9908-14a0-4187-b41c-61a27d5fe4d8,coupled model
805cf7fc-faea-42a1-b53d-138f0d7c5c38,cross polar cap potential
c55b70ac-9cd2-4744-925f-bf7194119d29,crustal field
d977eee4-5dc3-4e96-afb7-751151021148,csa
0a91a517-4a65-497c-bc19-e3822c79fd58,data assimilation
87fc266a-8bab-4f9e-8eee-ce9afbea603e,data decoding
86af0709-a4bf-4794-a073-454a0a423703,data encoding
9c7d5d19-cec3-4336-812f-f1c3e862fb00,data extraction
b5664eba-0b17-4541-af08-15a5e14cb641,data manipulation
c973974c-64b2-491c-b084-fcb55e6ef397,data mining
c888202b-7141-45ec-955f-4b7fa5729643,data processing
45049059-c369-4e54-be8b-a2d35d6f842c,data reduction
6132506d-8415-415a-a962-8685564f1df3,data transformation
343bf1b8-b175-46ef-b1a7-88f767e0acea,deuterium
78c0084d-9700-48ec-9626-105b88c52526,dgrf
c0725224-4344-40b8-aa1a-25d7d4925312,differential emission measure
c160ba49-4579-4c9f-8f00-bd4012499797,dispersion relation
75ba8743-e6d7-4589-9493-358f3fd9236b,doppler velocity
ae2fd877-1fd5-46b2-a554-b650b7a16d43,Dragon King
b3470b29-9af9-4de7-91f2-477fd0b5ef4b,dynamic spectrum
36e6f3b2-92ef-4eb3-b87a-2fa2da007622,dynamic time warping
5c7ed255-f4f7-4322-8d75-3ddeaea07c96,earthcube
a0921eed-a1fb-47c7-b3eb-a6f768df86e4,Earth system science
5f7ad72c-2ae6-4c10-ae87-e3c499e96183,echelle
548c2353-d1df-4141-ba40-2fef3c417c14,education
265dce03-dd8f-4c94-8290-73c3d938632d,electrostatic potential
bbb821d2-68c7-49c8-a46f-29af983b0120,Emission spectroscopy
277172bc-295b-4d0f-a8b8-b4d959cba0bb,energetic particles
1d72ed8a-cffe-40c9-babb-dfc7069ec35a,euhforia
20b129fe-4cd5-4ef2-97af-68388d41077c,exoplanets
d2e58c54-c05c-495b-8835-5e4cad60ad4f,f10.7
43fa7a83-941d-4fe3-8858-b7a9f3c91e22,field-aligned currents
780a9934-f5db-4b76-befa-7914b6388657,field-particle correlation
c31148d7-54c4-4296-a518-e606eccc8d2c,flow visualization
45c2b1d5-369b-4545-9930-da80961d42b8,foreshock
3f4193a6-7483-4dcf-ac79-9793146558ee,Fourier analysis
c491a57b-cfe3-4f9c-8734-1b6072a4db72,GAMERA
59f293bb-f55c-4606-8b58-675b0b4549bc,GAMERA-helio
538b2b5b-caa9-4dbb-a1f8-9972a2970ce3,gauss coefficients
44221020-2836-4bb7-8dbf-e1b3574a78d6,general circulation model
06b31697-90b1-455e-aef1-cd637842b1a0,geoeffectiveness
07fd7767-22a4-4cd0-b08a-dd542ebe2ab4,geomagnetic forecasting
f4fb9931-83b7-49fb-8da4-7165b3828938,geomagnetic storms
081b890b-e412-4e2b-9ee1-e42dd645c4d9,geospace modeling
d0d53d8b-0459-4ad9-9eea-8db65ce153eb,geospatial data
279396a8-c91d-45be-a530-c42b11050c0d,gesdisc
0c296c8e-ee75-4772-8425-8d33d320b1bd,globus
e6ee7606-783b-447e-8753-8bc0b0fe5642,glossary harmonization
716a5218-1f39-4243-b3b5-af6b3faa6f33,GONG
3f6c6a6c-d40b-4fe6-b8c5-da959983bb40,graduated cylindrical shell
5bfe2bd9-be89-4113-92c5-bb4c6778bab4,GRIB
b3421578-f847-4836-8dcf-66304a510f94,gsfc
a2605893-18dc-447c-baff-cadc4b1a9fdc,halosat
2b2ba2e7-e143-4cb6-aca2-1fdb0cbb4034,helioseismology
c6bb0c54-e43f-44b9-bd42-3a47fde89422,helium
8cd9f20a-631c-40d8-817d-c8f3a5903324,high-latitude
b2ff7b6c-c893-45b6-97d9-567068c7700b,high performance computing
e223703e-2f18-4d4f-ae0a-d63aa893f057,high-speed solar-wind streams
20771996-4ca4-41d1-a9f2-626de9706ec7,hmF2
598924f9-f2e5-4daf-90df-569ce2190c89,hybrid simulation
c8731faa-a5e9-4cf8-ba93-3b2dda98597b,hydrogen
0a1a3541-1a17-4c93-baa2-a988602f0fc0,igrf11
1fe80dd1-a3fe-4934-8d60-fb0781508746,igrf14
94f4b9c7-00bd-4b11-a429-b1e8433c7e4b,image alignment
d72287e8-5fa8-4d5d-a06f-7c58d0dcbfdf,image deconvolution
53ce2658-084e-4da8-90ce-2d4904c05fbb,imaging spectroscopy
b5b9f618-45cb-4e23-afab-6d03bbd8c0e8,indexing
6feff9a7-d075-4f44-8d9b-633538a957b7,induced magnetosphere
88c77590-7946-4307-83db-e93234eb9bab,inner magnetosphere
e0b1ae35-0794-430f-a89d-ace7f4e68d7f,in-situ measurements
e84c4973-74ea-47c9-a157-28d92bd1ce86,instrument degradation
5ad648b9-fdb5-44f6-bf19-72dc3e8679a7,interoperability
2156adbd-e836-4499-a585-bd623db3ee21,ion escape
f7b3d866-8baf-4dd0-859a-638ac03e048d,Ionization equilibrium
6ac8b586-4061-404d-81c8-a6578bc192ad,ionospheric conductance
b1602ad7-3af7-4df3-af18-87d8dfe7e610,ionospheric convection
b325d6ab-5303-4999-b4e8-29febf0ddb59,ionospheric electrodynamics
a9d6611f-70f2-4a0e-9452-95f0bcb59d8e,ionospheric electrodynamo
60f35e2b-3980-4ac9-92ba-e3ce14b7fc98,ion pair production rate
840feadc-658c-44e3-88cd-65a7b5241374,iuvs
136612ce-da44-4986-8fd6-6c9ea317d207,joule heating
8b09573f-8aba-45f5-91b5-881d1895815b,jupyter
f25eaa76-8ff2-4bd2-a95f-f062f0debef1,jupyterhub
af0b3e41-1fb5-4d3c-8ff2-4851cc815692,jython
4d1a6346-697b-4292-ad3c-1e8e94a25b95,kalman filter
226cda40-aa0a-401f-aba1-d3af93dd16d4,Keogram
bf65a1c9-d136-48f0-873b-eff1a7640ac8,knowledge graph
55c6a761-70ad-47aa-9f6e-50c54d73b330,knowledge network
2d9a1895-7647-484f-99eb-1458965a33f3,knowledge representation
de0d163c-25c9-48de-99c3-d4ba802dde20,land ice
62b7385a-10a7-4dd2-bc72-d8c6347f0537,land surface
0855ac1d-e554-42db-be3e-103665a094bb,lasp
ef7f810a-6883-45e1-ae10-8ca2228e2c37,linked data
4f2a590a-5c76-425e-b204-5980d0811232,lpw
10e73c34-9041-4ab1-81dd-f1c10a81061f,lyman alpha
35ae66b3-cfe9-4946-8a10-6fd4bdae13ad,magnetic connectivity
7234f51a-b44c-4d73-88ef-16b67e800a13,Magnetic field-line tracing
bb9084f7-5a79-4e52-92f2-a8d127b672fa,magnetic reconnection
6d377ea8-16d7-4a9f-84e5-aa999d17d99a,magnetopause
ed0c36d3-240f-477a-96b2-b32db7462083,magnetosheath
ac5232b3-823e-4243-9b1d-332dbd42ef1e,magnetosphere-ionosphere coupling
1cdc90f4-dca2-4860-a25f-d920813bce66,magnetotail
28d4a35f-c41d-4928-8313-15c5f3e77a2e,main field
b9a5ffc7-0150-4522-a17f-472a83b82f1a,MANGO
56034b51-b478-42ad-868c-01201608f8ed,mercury
57881267-6708-45cc-9452-ee9d5dd41f21,MHD
e41260ff-b3cb-406f-b96d-354c665741fc,middle atmosphere
0a908dae-ad15-4f84-ad09-af30d7a74d2a,model coupling
c083f820-8593-464c-8dfc-29a97ec25f91,multiresolution
fa3a80d8-9776-4c84-9c02-f240f1a080dd,multi-spacecraft
eb573f66-0630-4d0e-b544-ea8f09139cf9,natural language processing
b1e33919-f808-459b-9965-4cc0c1421470,ncar
671bb761-b08e-4d0d-a4cf-3e0032430db4,ncl
25a62607-a7d0-4b72-b5c7-8c9f1eb674bb,neural networks
8bf6b9d0-db3b-4e0a-b645-483776146caa,ngims
5d308092-9dc0-4374-94b3-3a550b323048,NmF2
396af9b7-512c-4c01-a7e1-eac9cdf3f173,Non-equilibrium ionization
62a0f056-f204-4c5d-8176-0a9a30238256,ocean
bbab557c-8168-4fe1-af0c-dc9d862e643d,ocean research
976ec718-b5c0-4877-a7b9-ddd51caecf44,ontology
86668bba-f6ab-486a-a14c-b0d331d499f8,openggcm
2e834d30-38c1-40f6-95a5-aeca0df7fa3f,open science
b1d7cec6-d69a-42fa-9078-827b5877626c,optical flow
63171070-a79c-4ee0-87cf-74b9f5cdcfec,oscillations
9af9b281-d7a5-4b00-bbe7-2f7e995695bf,packet inspection
ad76434e-2ad3-4932-b62c-ba0bc65ff078,packet parsing
bb5cf735-df9b-46d7-a2a3-a92116d13039,Parker spiral
193337a3-92a6-4e86-bc07-d9e58346e874,particle distributions
503273f2-a043-40ff-b1e4-faf84688d2d4,particle-in-cell
09eb4a1e-d0a4-48c1-b81e-2476deab2d85,particle precipitation
60b588d5-8f11-487f-830a-8fa46f2571bb,pds
39d135b7-8061-43fc-8a07-ce643283b875,PFSS
8ba64c73-f6c2-4e29-9bfd-e1aa024fb7cc,photometry
a3345da5-77ac-49e9-9acb-698f3fcc5560,planetary magnetospheres
52bf4b5b-dd6a-447c-9cb8-826a6176be12,plasma drift
1876daff-10aa-4c5c-98c2-f3d0c6489fb4,plasma heating
830cc006-6eba-4e54-9e98-a536da07e1bc,plasma waves
5b8b0acf-9dca-430f-a93c-1e93c356edea,point-spread function
ca048741-f07d-41ef-8efe-c9592795506f,polar cap absorption
45fbe45a-ce8b-4022-9e5e-ec1fdc1ca657,polarimetry
ae8f8482-20dc-498e-9fc0-11d721bbdc87,polarization
d24d5bda-ffaa-4a26-a987-5df29d3989ff,polar wind
fe2ce724-589a-4a08-a508-ada685bfc4c2,post-processing
9afae67d-270b-4396-9c0f-13a76701d7d3,power spectral density
510c6949-902a-4934-a5b2-31cfad21a446,poynting flux
fcb2dba7-8e67-4d8e-b78a-f118fa7a9532,provenance
b2ddb587-a044-4423-8ef7-775e54eaddb4,Pulsating Aurora
6ce2b383-b1ec-4b71-9eb8-b4f59b5bedbe,qt
d45eeeb9-46ad-424a-88c1-8320433bd5eb,quasi-periodic pulsations
e498a9e2-dfef-40d0-88ae-e46c855b4056,Radiative loss
6679913a-a6d5-4d6b-85be-0c21b0573af2,radio frequency interference
0dc03444-68e0-4f79-95c3-2e83517b6302,RAIJU
b819c186-74c5-465c-8e7f-de6490e7cc31,REGO
0edda67d-cd51-4eb4-8d81-a952e013cad4,regression
a9f7937a-0e87-4126-93e5-75c3b80dd2be,REMIX
4524d9d1-83da-4c8c-8fe0-915c5f57f274,remote
0e1b5b40-f62e-47c1-8329-80b122a01415,reproducibility
daaf633f-d448-44dc-9a13-eae1860d2f5f,s3
41bac1bc-25db-4de6-9a8d-22deb140be91,sammi
dd32afae-8e8f-4461-a0be-1b6feb6f3bb7,samp
a724b5fe-6a88-46a0-89b4-c5feace3d1c4,scientific software
1783d06f-fb7d-425c-8021-b65669165d8f,scientific visualization
2dbdadf8-c0d6-468b-9a51-0d74f07db7f1,scintillation
29714764-041e-4bb7-86be-a52444afaf56,sea ice
29721f61-6b2c-4943-bb4a-9d12f4914fbb,secular variation
ba49cce2-e6c0-4bd0-b066-a6ade414f27a,semantic web
709d474d-9797-4f15-98db-ee85068ae9e6,serverless
c50937ea-5a41-4812-8003-9042badf0c3c,signal processing
906c5b0a-70f1-4410-8d1d-7ec0fce8b532,simulation data
279a074a-8aac-4ce0-9910-aaa7d02ed93c,slit-jaw imaging
1b8e4697-d8d0-4461-ad86-ebdef33072d9,solar and stellar astrophysics
44246203-cb99-4f94-8dfb-8752149ef8fc,solar corona
fa7ece99-6f20-44e5-aa4b-4732e258207f,solar eclipse
73c97c54-ef46-481d-9f40-1d78d5dc4654,solar energetic particles
cec9a378-2a97-4b96-b361-63cec170ce48,solar imaging
ccafa92e-2e7b-4299-8aa7-ae8c575a482e,solar irradiance
f2c8b82a-1e52-4087-b635-729f7a0ac87b,solar proton events
f2a6405a-0728-4404-9b6f-a435e8db2475,solar research
c237e42e-c230-4b4f-81d6-a4379e0fee83,sondrestrom
4631c05e-f577-485e-abec-1694f57b5f77,space data systems
2d235849-c4a8-4d4d-9404-a19d3251ce65,space packet protocol
f64eefd2-92ed-40c7-b9de-7fcac43d93cf,space weather forecasting
3dbaaf65-92d6-4bbb-9001-deed077f6e03,spase
5ec9a0fc-5744-4023-9475-cad1f4d84fa8,spectral imaging
395e5586-9342-4c3a-bc29-1e0989c831a2,spectral inversion
dfe10822-9839-4e49-af12-8229ffad552c,spectropolarimetry
5396ea54-ecac-4dce-b448-49abad808947,spherical harmonics
8bcb63dd-002e-4025-8ff3-ab840ac5640b,statistics
313abd4d-f5dc-44c5-84a4-74be5f0f7214,stokes parameters
ef771ec2-a042-4fee-8b27-f06ea5fba16c,sunspots
cc0b25e9-c95f-42a6-8cc4-201595deb95f,supermag
4a14a899-c279-4703-96b5-ec1340d96862,taxonomy
09c3f7b1-5a83-4e76-8005-82684192b7b5,temperature anisotropy
a1ccd824-cbb8-4578-825b-456bb2472a3f,terascale data
daa95a2d-1959-4b19-a137-0d6a1ed06419,thermospheric tides
f2465403-a165-423d-84d4-892010c6d656,TIEGCM
b184816b-cbc6-4842-a603-5325ef0e4ed7,total electron content
cc397b92-1cd9-4de4-b093-a7ad2a5ebfd9,transition region
672387e1-2c99-4594-8ac4-451f32508d8f,TREx
57c3f026-f558-4c74-865c-b033c5dafe94,ultralow-frequency waves
c0b9150c-b102-41dc-838a-09859f5ac19b,ultraviolet
9cdb926c-1f03-44a7-9e92-69c6a0dfb78f,umbral flashes
b82e00c3-81d7-4fdb-8835-a55054e0bfbb,uncertainty quantification
25f29336-3f23-403d-baa5-f4c9570b9e5d,unified astronomy thesaurus
4bf6efcf-59e7-45ce-8044-a13c84f8ee6a,VDC
ffa1df32-041c-47ab-8f4f-15fc7b6e7c3a,venus
eb1a833f-7f5d-4c12-8c06-d14fbc7168bd,volume rendering
81d4a871-ad99-4953-b11b-30b0e1758e5e,waccm
442e2b7b-796d-46d2-9e37-3c5e935bf89f,waccm-x
9345919f-6744-4105-b4d4-fee8859f095b,web service
141fdfda-0d6d-4d78-94b9-53245e2571d5,whole atmosphere
a885b07f-8963-4f16-98b6-bd06a0b396b6,WRF
d78b32a1-af62-448b-9194-fd23dee92dfc,WSA
3c894e3f-e6f3-4a6b-9190-7aea7edad571,xml
6bba1438-7ca4-429c-b999-85ad92e24432,xspec
c40db589-b006-48dc-97b8-8d190d9c1a51,yaml
