id,sort_value,software,person
854,1,68f29968-0830-437d-a249-ba47ac22b0b4,083cedc3-89ed-4029-b0ca-4e84cd4a2797
291,1,bdd706f0-b987-446b-b650-78d9d86f00b2,aa939ba6-fa40-420b-9161-1e5c492f2936
290,1,a53ebbd1-0f08-4bf6-aeaa-90067a3b1312,5d44a4a7-69cb-4170-85f6-5caae92d5516
287,1,84062431-340c-4ac1-bdc9-a79a431d9869,78975cd1-de6e-4ffa-a22c-3580a04d6995
286,1,b5c250bc-fe00-41b8-b06b-2f4c3e688520,912b2856-0a80-4174-a0e8-aefddd7638a1
306,1,20aeb28e-66c8-4695-a722-89a7f807c795,08ab7612-7a68-41ee-bb8e-65b277bc2fc3
86,1,cf802366-d886-45a5-bd49-2566521a4bbe,b57d704d-ca85-457e-9ebc-7cdc16cf14af
5,1,dda4b683-307d-4145-b75c-59f61c442484,6ae1e775-7e0b-4156-a246-7ea52fe37a50
341,1,06813bb3-7c73-425d-b9fe-6b4e80add160,f30bcf6d-d1bd-42a6-844a-82eab8ae2dd2
751,1,1fd6fa60-cd5d-4e38-bfea-ea8dc5b25eaa,9216cf52-d2bb-46ba-857a-049d0a574f22
285,1,d5abf164-694c-4a24-8528-7395a7a01326,7ca2877b-19ca-47d2-a187-f497edd2841f
106,1,b5867d88-1fd5-476e-98e0-498ccbf41655,9216cf52-d2bb-46ba-857a-049d0a574f22
273,2,dab7d824-81ec-49ba-911a-b3d081469a84,adc78ed0-7599-4988-af2f-a09a83f951bd
269,1,a73ebc78-1f89-4af8-8f67-2e35de947d16,4692a7c0-7de7-4974-b8b2-1d8a0bc0115e
114,1,0321f375-4f6c-47d8-9181-125b0274ee6b,6ae1e775-7e0b-4156-a246-7ea52fe37a50
116,1,6e225ee4-8f52-4441-a7e9-0ed2ca804067,1e45c8d8-ab4f-4cd7-8055-14454adc50fb
117,1,54e3e7bc-9a9b-472f-a469-79f493328672,43941c6f-4e5e-4797-8937-b01446b2aede
118,1,3f058476-5010-48f4-9bd9-e27648d2ecea,de7c0779-16ad-4710-83fe-433ebcb2b5c7
17,1,b5742bb7-4c8e-45cd-9429-65cb75f32795,98f5fe92-507c-40d5-87c9-d9f9f06773c2
259,9,37a18000-2d1f-41db-afe6-6545f817bcb7,40c2afb0-dfef-4be8-9ac7-12a046cb71c6
129,1,e2069dd1-ba2f-45fa-b2b7-9052a16f74cc,fbed1404-f77c-4223-9c12-08f6e84ae07d
20,1,e57951e6-9761-421e-b482-aebfd2804c81,a4fe31d5-3dff-4e85-acdc-ce4e783d4bd5
256,1,59c24c09-5ecd-44c8-a324-5a7da62c634b,2f59d23f-d47f-4138-99cb-ff109a9bd78e
373,1,d0dcf8b7-d032-481b-b80e-dea683cc1fa4,bd0fc15e-47cf-4852-b624-2e9ad068f1c6
305,1,9de35b9b-704e-4cf3-b580-fff54b9ede15,74b3ece2-dc52-4e1a-b5fa-8bfc8cd12014
361,1,b8495e18-9a18-4e8f-8b88-85db6e74ec22,e96a9a04-5a81-4458-83a0-7b4ddd94c1bf
1,1,ac6f7ea3-062c-442f-abf9-9732a88fcc6b,52da8ed1-f691-46f3-9827-6800e0e0bfd7
137,1,ac1149e1-6679-4466-a445-1f6dd0ecd883,9bdd5e63-96a8-48e6-8860-cf9469c98178
138,4,e2ca7d39-4fae-4ced-9dc2-b2593241b407,fbce5f2b-fae0-4652-ba3f-9b79c4a84201
21,1,afcb9669-1336-48ff-ad58-a7446b8b09f0,5a7aa461-5232-4d6f-90e9-7cda85341c38
73,1,ad9602aa-4d82-4f9f-9ef5-053f92f2c9ff,4c934026-92a0-43dc-915e-00bb0ba2a6f8
83,1,55fe5714-b786-4cda-83f2-44afeb341a92,2f2f8c84-26a6-4541-a426-65edede4efd2
205,1,4507d98e-44d1-40ea-8733-8047738b9a7a,6ca53604-0509-44fb-a16a-dd3b939e54e6
1838,1,13b71402-f2cb-4aa3-9b17-639652e87ca8,51406b50-6c61-4c82-9dc4-977a06ce09cb
1847,1,763e3b22-b9ac-4bee-b665-69d1acb70712,41b75885-3a61-44f4-a3bd-4c87a816ebbb
92,1,86c00a32-6dca-4d77-bddb-75c36d0ec0ca,960ab3df-bb01-4534-bf4f-05e75bc9a5b1
1694,1,f6e3429d-e80e-4cf6-889e-44af1e93f87d,03a8d704-8e1c-495c-89d8-43a39d22d4e4
394,1,ecd7fb7a-570b-4466-b0ea-8d4b60016036,75a5881d-2830-46d0-b598-81a5e6bacae0
144,2,96059067-e0dd-4d80-b2bf-60ec9378609d,6501bf4a-0cec-486f-8aa9-8ba3f2f45069
146,1,6325743f-ad5d-4c24-aca3-6262a70d78d7,a2407cea-4581-4ce7-9884-8ec301a99853
22,1,18ff9253-b11c-4ffa-9c3b-4b167c9f8cf2,52da8ed1-f691-46f3-9827-6800e0e0bfd7
396,1,110491fc-f060-4b9d-ab2c-bb0806824948,cf8220c8-e01b-4aba-ab5c-4a1eff592485
1695,1,82f57fc4-357f-49d3-af4b-e8bfb0a35210,e96a9a04-5a81-4458-83a0-7b4ddd94c1bf
695,1,44bf8c74-399d-4b9f-82ee-164c62e525a8,432e3fb2-e9d1-4264-b653-8f90da548caf
350,2,e211347f-4b04-4765-a230-295f366390d1,f561dae0-827b-42fb-be8a-6782e9b25f10
696,1,52e4975a-0d6d-4bb0-91a3-862f8e113091,8b3e7d30-da7d-4d8e-a530-712c0aaf028f
713,1,13659e76-e911-41da-bf99-30eb7b05defc,b434374c-df1e-4feb-baaa-5262d8dd19ad
339,1,54da66af-5ce4-4975-8560-258824988821,e401fe95-ab39-4d61-9cf8-3ce1108dbda2
745,1,a74cb76b-da08-4412-817f-3240e52c5dde,6ae1e775-7e0b-4156-a246-7ea52fe37a50
900,1,855aa42c-15e8-4b99-be89-3986ccb8254c,78400fa3-f6e6-401f-aae2-0c108e695b88
193,1,4409f409-077b-48c2-9421-b1802255499f,71352468-ff1c-481b-8f2e-a6b3e6c00f1b
190,1,7fe5501b-aab0-4b70-9fef-08933ccf7480,52da8ed1-f691-46f3-9827-6800e0e0bfd7
347,1,7bd65217-fdbe-4945-a657-496a494fff48,6fbd29df-80c1-40f8-b627-a652e7e03c67
718,25,52d61c70-77fd-4c4a-aae8-f4e24dde6de8,85223068-5da3-4f09-b541-00290b1e5238
719,1,9da56adf-1252-4ca9-85cf-5fd8fb950cdf,9bd994c7-abf7-4ec6-a03c-f28576730cab
337,1,f2cb2434-7d2e-4d87-8b97-6546d4931b29,89cd879b-51e0-4596-83b0-24033301b16b
725,1,a562afcf-b6f7-4ddd-be72-d450f8de9fc0,6cb83664-92d7-445d-9116-f271790867f0
722,2,15e95cb0-2008-4b98-83e9-0ce5a614b42c,e642af60-bc4f-46f2-9bed-b35ca53d77d1
333,2,c9f100c2-e502-4a61-94d5-87ae0f4d3646,e49f3487-71e0-446e-ac76-930a15d96eff
31,1,43700827-e657-4937-ae69-c333b70d3756,a94e5d35-949a-43d4-ad57-48e5dddfd5c0
33,1,428a1d93-e1a5-407b-90a4-9bb2b85e39ec,3c43820b-198f-43ed-8263-8df835a126e2
35,1,aade4249-dedf-4938-9ad1-432553bf0c36,bede8ae3-bc2f-4b0d-960a-2eef7f14e6d8
78,1,91f97996-69a3-43b8-bdfc-20895502415f,481229d7-54be-4f5a-9b10-634cb08c6838
330,1,6b9189ab-3bdf-4b2c-9d95-2a5b93e72f69,93622cf0-4bce-4036-9f6a-f4fc47ee1a62
325,1,1b5fd49d-9131-46ee-b56a-70efbb1effe5,34f94fb2-6cec-4c4f-8890-e5539c1f2226
324,1,982c8a07-8ad1-400c-8842-2fb10ad69c21,28511e7e-ff94-4d46-ae25-22ce08add7ee
322,1,fd58b98f-87d6-441b-bec8-aa79752f3c5e,a8a9a142-cc76-4c71-88da-21f792c2d849
297,1,9188840c-25ba-4ec8-b8c3-d32413aaf7a0,fa83ef07-cbd2-45d4-85ab-f6a42c6af06b
317,1,d6fa3131-3ab1-48c9-bd8b-31c0461a9fb5,52da8ed1-f691-46f3-9827-6800e0e0bfd7
343,2,596d3936-d754-4c02-b8ae-20f69d4ac16b,bbd2089d-b373-4b2a-be74-3087974f6db3
909,1,d9a43a8e-0ad0-448f-8915-d9bb66d9e508,dd77b0be-c31d-4319-a8d4-1ee118c9dbc7
866,1,2979f7e7-b34d-4f16-8c96-966d7a2a1f01,dd77b0be-c31d-4319-a8d4-1ee118c9dbc7
886,1,81ad4d3f-39de-43d3-b4ec-45953b21ec71,dd77b0be-c31d-4319-a8d4-1ee118c9dbc7
911,1,21326fa6-355c-4e2e-8c34-90a91eda0eb6,dd77b0be-c31d-4319-a8d4-1ee118c9dbc7
867,1,4aa97b85-e71d-4584-a971-8b307e0a0e82,dd77b0be-c31d-4319-a8d4-1ee118c9dbc7
855,1,da5cb52c-1e0a-4c22-ab96-e05c210c0e60,f5f21e0b-7ffe-478f-a45b-e79ef6f4d9f6
922,1,d7baab30-c95a-40e7-b076-287fb90de9d5,b8f2d079-c806-41c2-b711-57e3c316e5bd
888,1,b26b964d-c772-4fe5-893e-74bd9148806a,dd77b0be-c31d-4319-a8d4-1ee118c9dbc7
912,1,e126690a-c368-4677-892e-116126ea8c8a,dd77b0be-c31d-4319-a8d4-1ee118c9dbc7
877,1,3bc8f1b6-1b44-4d82-85d9-3ea9d98fe848,dd77b0be-c31d-4319-a8d4-1ee118c9dbc7
889,1,40b44149-d3f3-45a5-8d44-424b4c886b7a,dd77b0be-c31d-4319-a8d4-1ee118c9dbc7
913,1,c47c5638-d426-4868-ae04-bc993ab0c2e1,dd77b0be-c31d-4319-a8d4-1ee118c9dbc7
878,1,abb7adf0-cc3e-4734-ac67-20a562f83c33,dd77b0be-c31d-4319-a8d4-1ee118c9dbc7
890,1,367ee6c7-1593-446e-8c5d-2a7bd11f1a81,dd77b0be-c31d-4319-a8d4-1ee118c9dbc7
882,1,b677d3e7-9934-4e08-b823-8809798f2028,dd77b0be-c31d-4319-a8d4-1ee118c9dbc7
914,1,1d43d4b3-1562-4ccc-9729-49d31aa5309e,dd77b0be-c31d-4319-a8d4-1ee118c9dbc7
880,1,a81dc380-707e-4d2a-8995-ffe2454026ea,dd77b0be-c31d-4319-a8d4-1ee118c9dbc7
897,1,6f9282ed-25cc-41da-b2f5-0e7c4b686060,8c713d48-71cf-49d5-abf3-7cf528a08c4b
865,1,b914ff2b-105b-49de-8cca-fd079ec6188a,dd77b0be-c31d-4319-a8d4-1ee118c9dbc7
864,1,6cd949ce-78fd-4c77-ae81-4812f02b02e0,dd77b0be-c31d-4319-a8d4-1ee118c9dbc7
881,1,c0c97c0f-c50b-44b5-9b95-c599e99004fa,dd77b0be-c31d-4319-a8d4-1ee118c9dbc7
899,1,683398f6-8f62-49a6-9eb3-bf926a9b621c,dd77b0be-c31d-4319-a8d4-1ee118c9dbc7
885,1,30f42aa0-cca9-4cb7-8479-7149e5f20112,dd77b0be-c31d-4319-a8d4-1ee118c9dbc7
331,1,181726f7-b361-4d04-8235-15729283791d,0cb453e6-fd34-4e1a-b819-2c20a2671849
159,1,1744df14-f1f1-451b-a384-28e3a1beba7f,5d8b609a-b25e-4155-9e39-62bb690f93a3
55,1,6ad99ded-e693-4660-a1c5-86ead53a9bcf,8d4308f8-b2e7-4cc2-a7df-6cb0bb82fbce
56,1,a7f6fd15-9b3c-4cae-a029-0da92222f465,83be1bd8-e308-46dc-bd46-f4e707318ed5
359,1,6adc2c82-61b3-41b4-89ca-62862bfe9b9f,d866fbe3-3385-4489-bb26-f7b0e61143cc
59,1,fa126d2b-ea85-4237-8abd-367c1b1e4e92,4e17b0e8-2d53-47c4-88f8-aca8e9dd006a
61,1,2fd43ecd-9910-48f4-bf08-f07a4445cdf2,58d5618a-09c9-4251-917d-f015f71495a9
62,1,8e349bce-5860-4c0b-9ee9-ebb684574262,6ae1e775-7e0b-4156-a246-7ea52fe37a50
313,3,063b5195-7e46-4b16-a45c-25393fb8675f,7c2caad1-b39d-48e9-89e3-438b590a6316
307,1,ec808735-972e-41e7-8549-a96d93881e26,0142a50e-03fd-4949-93fc-2e08feee0c12
70,1,8054183f-794a-4914-a8cb-a379bb9f1040,960ab3df-bb01-4534-bf4f-05e75bc9a5b1
71,1,65364bdd-6a19-404a-9a87-c1aa123017d3,a38b15e9-a0ab-4088-b083-89ed3ca70e26
72,1,aa39bfc8-4980-4663-adf0-b7ee94f6b976,a3bf3a23-4e6a-4d60-af08-287b1954425d
93,1,d176bc00-f198-4250-b9d7-5193f621fd60,a898e590-9e33-454e-adf9-b25958194eba
234,2,4507d98e-44d1-40ea-8733-8047738b9a7a,09e36914-a9bb-48fe-a3f9-336cc0b80afe
1848,2,763e3b22-b9ac-4bee-b665-69d1acb70712,9a3c53c1-e376-40de-89ac-503be6c1fb7b
1696,2,82f57fc4-357f-49d3-af4b-e8bfb0a35210,e4e0a206-e0d2-4121-ba3f-675964f4f777
2,3,ac6f7ea3-062c-442f-abf9-9732a88fcc6b,e79e10b2-1839-414a-ae14-597d36cc61e0
298,2,9188840c-25ba-4ec8-b8c3-d32413aaf7a0,71352468-ff1c-481b-8f2e-a6b3e6c00f1b
323,2,fd58b98f-87d6-441b-bec8-aa79752f3c5e,f1091b36-ab29-4673-a98c-59d995dd74ad
374,2,d0dcf8b7-d032-481b-b80e-dea683cc1fa4,99d4a4ed-f9f6-47b3-903d-62fd3707f45b
292,2,bdd706f0-b987-446b-b650-78d9d86f00b2,3ab2ed72-e771-4174-9d2d-ceb16d2eca42
318,2,d6fa3131-3ab1-48c9-bd8b-31c0461a9fb5,dd77b0be-c31d-4319-a8d4-1ee118c9dbc7
119,2,3f058476-5010-48f4-9bd9-e27648d2ecea,5d8c80d3-d8e3-4392-9c4f-cf93160e966a
94,2,d176bc00-f198-4250-b9d7-5193f621fd60,e1de620b-45ea-462c-91a7-3e3d087167df
145,1,96059067-e0dd-4d80-b2bf-60ec9378609d,7f4a313b-f7c9-47bf-abf9-98b14cda5ba7
416,2,db2bcb8a-c799-4233-9699-dea23b975972,6ae1e775-7e0b-4156-a246-7ea52fe37a50
57,2,a7f6fd15-9b3c-4cae-a029-0da92222f465,ba65daa9-b248-4e2d-95b8-c38ce94d0598
122,2,e8b6fe34-d598-4d53-86d0-288bc004c3e7,b15dc90b-691b-4a89-b4d9-37cd0629481f
288,2,84062431-340c-4ac1-bdc9-a79a431d9869,856735bb-4488-41ed-8e0e-34866aaf9c47
18,2,b5742bb7-4c8e-45cd-9429-65cb75f32795,696e5a62-e16d-4da8-9b62-bb79df1b72c3
147,2,6325743f-ad5d-4c24-aca3-6262a70d78d7,87160253-b4e3-421d-863a-39ea410dd706
257,2,59c24c09-5ecd-44c8-a324-5a7da62c634b,32e15f56-2150-4c42-9514-881d857073f4
63,2,8e349bce-5860-4c0b-9ee9-ebb684574262,de7c0779-16ad-4710-83fe-433ebcb2b5c7
360,2,6adc2c82-61b3-41b4-89ca-62862bfe9b9f,f229e47c-bf32-439d-a84b-41b4470da15e
314,2,063b5195-7e46-4b16-a45c-25393fb8675f,5b4d14ea-012b-4db9-956a-fd3a77277af3
139,3,e2ca7d39-4fae-4ced-9dc2-b2593241b407,57525d46-d476-4c07-90de-7c12d27b1d69
752,2,1fd6fa60-cd5d-4e38-bfea-ea8dc5b25eaa,8f8da490-f6e0-438d-b821-13e7a835c11c
910,2,d9a43a8e-0ad0-448f-8915-d9bb66d9e508,aaa64689-9f80-4707-99fa-9ecf9384a05f
697,2,52e4975a-0d6d-4bb0-91a3-862f8e113091,2728ceb4-aa3f-40b3-bbbb-7ea395724a34
127,1,aebd4757-08dc-4ca0-be33-aa85171de59d,62830d06-b4e8-455d-8c05-c84b1a1c9ac4
714,2,13659e76-e911-41da-bf99-30eb7b05defc,174996c2-882a-45fa-9f6c-96d197c8d78a
351,3,e211347f-4b04-4765-a230-295f366390d1,5d6003b0-165b-4c03-96a2-1ee59884ad47
868,2,4aa97b85-e71d-4584-a971-8b307e0a0e82,467a628f-f84a-4f83-897e-53db5b735ddf
23,2,18ff9253-b11c-4ffa-9c3b-4b167c9f8cf2,9a3c53c1-e376-40de-89ac-503be6c1fb7b
107,2,b5867d88-1fd5-476e-98e0-498ccbf41655,8f8da490-f6e0-438d-b821-13e7a835c11c
903,2,337266f5-46b2-4abc-8b87-5555fe336f79,5f6a1e75-89e3-4d98-bbd7-bc9f7d274a88
194,2,4409f409-077b-48c2-9421-b1802255499f,9a3c53c1-e376-40de-89ac-503be6c1fb7b
340,2,54da66af-5ce4-4975-8560-258824988821,1bdb8ab1-0095-41fd-99b1-b51d084604da
338,2,f2cb2434-7d2e-4d87-8b97-6546d4931b29,135e92e4-98e6-4133-8e98-ba0b051910ef
901,2,855aa42c-15e8-4b99-be89-3986ccb8254c,dd77b0be-c31d-4319-a8d4-1ee118c9dbc7
923,2,d7baab30-c95a-40e7-b076-287fb90de9d5,77c220ea-5ac3-4c47-b6e7-81c3bf1369d8
191,2,7fe5501b-aab0-4b70-9fef-08933ccf7480,cca2f050-9e70-4aa3-9373-c2e044bf162f
274,3,dab7d824-81ec-49ba-911a-b3d081469a84,254f6c01-0886-4df5-a486-c2ac2e3169fb
130,2,e2069dd1-ba2f-45fa-b2b7-9052a16f74cc,6696426d-f68d-4eed-8cf0-6aa98d2835f5
270,2,a73ebc78-1f89-4af8-8f67-2e35de947d16,428d9b8f-5db4-41ab-8471-00c9d4c40131
879,2,abb7adf0-cc3e-4734-ac67-20a562f83c33,019bba7e-4f60-4fb8-8e90-4610c5ed2307
720,2,9da56adf-1252-4ca9-85cf-5fd8fb950cdf,c7f9b905-ebf3-4d8f-8023-e6d8f0b58bd7
891,2,367ee6c7-1593-446e-8c5d-2a7bd11f1a81,2b79cc74-02ec-473e-9fff-9ffb4f08db8b
326,2,1b5fd49d-9131-46ee-b56a-70efbb1effe5,376c816e-3eea-4ecd-b7bc-4fb3d7412002
856,2,da5cb52c-1e0a-4c22-ab96-e05c210c0e60,af625cbe-d550-4a9f-b7e9-b9d2d6aae9bc
883,2,b677d3e7-9934-4e08-b823-8809798f2028,9edd5d60-5ae3-464b-bf0f-ee00cd7c8ee2
6,2,dda4b683-307d-4145-b75c-59f61c442484,e1de620b-45ea-462c-91a7-3e3d087167df
925,2,2bccae2a-78df-4ce5-b6b3-40afea73fe4d,09b310a2-806a-4c3a-bb6b-8898fcbabc03
726,2,a562afcf-b6f7-4ddd-be72-d450f8de9fc0,36c87617-8cd6-4325-9c3c-7353cf777297
260,5,37a18000-2d1f-41db-afe6-6545f817bcb7,ab09132c-4a4c-42af-87ff-292f937bd79a
334,1,c9f100c2-e502-4a61-94d5-87ae0f4d3646,f30bcf6d-d1bd-42a6-844a-82eab8ae2dd2
898,2,6f9282ed-25cc-41da-b2f5-0e7c4b686060,dd77b0be-c31d-4319-a8d4-1ee118c9dbc7
723,3,15e95cb0-2008-4b98-83e9-0ce5a614b42c,40be10e4-a4d2-45eb-a8d8-6ce3d46baff5
916,2,9c1d2774-3eeb-4b72-bd48-fa7eb5c5e39e,10683dbf-398c-4988-971c-35955e5424ef
362,2,b8495e18-9a18-4e8f-8b88-85db6e74ec22,dcbea284-9ea0-4f44-9739-ccbe5fc26ea4
395,2,ecd7fb7a-570b-4466-b0ea-8d4b60016036,aae7aca0-6258-463a-8ae9-54924d291117
32,2,43700827-e657-4937-ae69-c333b70d3756,b35afae4-a71f-48bc-8f5c-ef0b51293bd0
920,2,62ac1496-2c4b-4d93-95f0-7ee39deeb0ea,865c2cc1-c479-4ae5-bead-0ded625008e8
115,2,0321f375-4f6c-47d8-9181-125b0274ee6b,78710a8c-562b-4d44-80de-747185d4a1f3
84,2,55fe5714-b786-4cda-83f2-44afeb341a92,7eee71c9-4b16-49a1-9472-18ba95b0ffc8
36,2,aade4249-dedf-4938-9ad1-432553bf0c36,9216cf52-d2bb-46ba-857a-049d0a574f22
342,2,06813bb3-7c73-425d-b9fe-6b4e80add160,b7541ba3-a976-45d4-b411-42ab6ce9c3f8
332,2,181726f7-b361-4d04-8235-15729283791d,b8efa25e-6853-4dd6-9faf-a64f218a94a1
746,2,a74cb76b-da08-4412-817f-3240e52c5dde,09e36914-a9bb-48fe-a3f9-336cc0b80afe
397,2,110491fc-f060-4b9d-ab2c-bb0806824948,6ae1e775-7e0b-4156-a246-7ea52fe37a50
344,3,596d3936-d754-4c02-b8ae-20f69d4ac16b,4e17b0e8-2d53-47c4-88f8-aca8e9dd006a
87,2,cf802366-d886-45a5-bd49-2566521a4bbe,e67d0cca-ed84-4a81-898c-2db53af16b7c
160,2,1744df14-f1f1-451b-a384-28e3a1beba7f,6ae1e775-7e0b-4156-a246-7ea52fe37a50
308,2,ec808735-972e-41e7-8549-a96d93881e26,ab09132c-4a4c-42af-87ff-292f937bd79a
348,2,7bd65217-fdbe-4945-a657-496a494fff48,d857c04b-fb2c-4538-ae33-0c566c27fe36
600,2,13b71402-f2cb-4aa3-9b17-639652e87ca8,083cedc3-89ed-4029-b0ca-4e84cd4a2797
79,2,f6e3429d-e80e-4cf6-889e-44af1e93f87d,3a46e694-789a-4562-83d6-c22afb7ff43b
275,4,dab7d824-81ec-49ba-911a-b3d081469a84,8d22ac3b-7978-48dd-bb88-1c1dfb2c6ef9
904,3,337266f5-46b2-4abc-8b87-5555fe336f79,1ad4653c-52ed-48ba-a3c2-658f1e824669
345,1,596d3936-d754-4c02-b8ae-20f69d4ac16b,5e0c9bb5-59c1-4a88-ada9-3d54187e436f
335,4,c9f100c2-e502-4a61-94d5-87ae0f4d3646,b7541ba3-a976-45d4-b411-42ab6ce9c3f8
327,3,1b5fd49d-9131-46ee-b56a-70efbb1effe5,77a38114-57a0-4489-b36b-e12cdd163923
869,3,4aa97b85-e71d-4584-a971-8b307e0a0e82,c7542071-752d-45ad-8bf2-3cd0cc32049b
1849,3,763e3b22-b9ac-4bee-b665-69d1acb70712,52da8ed1-f691-46f3-9827-6800e0e0bfd7
319,3,d6fa3131-3ab1-48c9-bd8b-31c0461a9fb5,ff3dedf4-eef8-4023-ad4a-a6b4bc8cdecc
315,1,063b5195-7e46-4b16-a45c-25393fb8675f,8808102f-baf1-4b61-8b11-115c298b1bcf
309,3,ec808735-972e-41e7-8549-a96d93881e26,f5f21e0b-7ffe-478f-a45b-e79ef6f4d9f6
299,3,9188840c-25ba-4ec8-b8c3-d32413aaf7a0,9a3c53c1-e376-40de-89ac-503be6c1fb7b
857,3,da5cb52c-1e0a-4c22-ab96-e05c210c0e60,c704232e-3366-4946-b808-60a127fb3c5e
892,3,367ee6c7-1593-446e-8c5d-2a7bd11f1a81,9940fce7-cee3-4eca-a38c-e1d0494d207a
293,3,bdd706f0-b987-446b-b650-78d9d86f00b2,6df2db32-3361-4bc4-9317-ac7af6fe84a6
289,3,84062431-340c-4ac1-bdc9-a79a431d9869,7352d137-6968-4179-be58-07220df919b4
363,3,b8495e18-9a18-4e8f-8b88-85db6e74ec22,b434374c-df1e-4feb-baaa-5262d8dd19ad
917,3,9c1d2774-3eeb-4b72-bd48-fa7eb5c5e39e,1dd3de3b-dbff-4082-a30a-6db12e1ebd29
921,3,62ac1496-2c4b-4d93-95f0-7ee39deeb0ea,ea9c1ac9-1df2-43e2-96e4-af7439ff5eb6
352,4,e211347f-4b04-4765-a230-295f366390d1,417e27ed-b169-4831-8064-815f5fe7eab1
19,3,b5742bb7-4c8e-45cd-9429-65cb75f32795,52489175-3016-45a1-8728-3c2ca6bd0c20
24,3,18ff9253-b11c-4ffa-9c3b-4b167c9f8cf2,5a7aa461-5232-4d6f-90e9-7cda85341c38
3,2,ac6f7ea3-062c-442f-abf9-9732a88fcc6b,4176b030-f090-4bf4-a3b0-b2adeb4075b6
37,3,aade4249-dedf-4938-9ad1-432553bf0c36,ba49d98a-aa7b-479d-9bee-b1eaf30b7c53
42,3,11cb7b68-cfe7-4d6c-84ed-af5ab071e74c,52da8ed1-f691-46f3-9827-6800e0e0bfd7
58,3,a7f6fd15-9b3c-4cae-a029-0da92222f465,67fea142-ca76-4d32-a499-659895194b14
64,3,8e349bce-5860-4c0b-9ee9-ebb684574262,0a671dcd-50a7-4e35-8992-2ef1546f8389
75,3,ad9602aa-4d82-4f9f-9ef5-053f92f2c9ff,5819efb0-3fb9-4e98-95f2-5b14c49d7f68
398,3,110491fc-f060-4b9d-ab2c-bb0806824948,d3f251f9-02cd-47de-9035-fe6b0ae9ac4a
85,3,55fe5714-b786-4cda-83f2-44afeb341a92,622882c2-5ed3-4123-b605-9311c778d6bd
88,4,cf802366-d886-45a5-bd49-2566521a4bbe,ee55616e-7a77-451b-97c7-02304b18d653
95,3,d176bc00-f198-4250-b9d7-5193f621fd60,745c8171-9c5d-4ced-84c8-14b528ed9ce2
753,3,1fd6fa60-cd5d-4e38-bfea-ea8dc5b25eaa,f1091b36-ab29-4673-a98c-59d995dd74ad
108,3,b5867d88-1fd5-476e-98e0-498ccbf41655,f61b728e-3581-4ed0-9b6b-4deaa7dcdc73
120,3,3f058476-5010-48f4-9bd9-e27648d2ecea,d7835165-2981-4bf6-b4b3-9b608f239da0
123,3,e8b6fe34-d598-4d53-86d0-288bc004c3e7,9bf6c170-e45e-40dc-9af1-e86261f9ecb2
128,18,aebd4757-08dc-4ca0-be33-aa85171de59d,86f3542d-0adc-4cbd-96f2-2c6565ef85c5
131,3,e2069dd1-ba2f-45fa-b2b7-9052a16f74cc,a38b15e9-a0ab-4088-b083-89ed3ca70e26
140,6,e2ca7d39-4fae-4ced-9dc2-b2593241b407,f53b64e1-ee7e-4a68-b2d1-25795263715c
148,3,6325743f-ad5d-4c24-aca3-6262a70d78d7,6f5d0b1e-95ea-4cee-af20-a649f2157f70
747,3,a74cb76b-da08-4412-817f-3240e52c5dde,033fe67d-d730-4817-9312-e348179f508f
161,3,1744df14-f1f1-451b-a384-28e3a1beba7f,e624b69e-85d3-4d0c-a50c-aba517485911
727,3,a562afcf-b6f7-4ddd-be72-d450f8de9fc0,1b75b882-4265-45ef-b626-f3ca98973f30
724,1,15e95cb0-2008-4b98-83e9-0ce5a614b42c,bc6732fb-4d10-4439-a8ae-bebd97ac6b50
721,3,9da56adf-1252-4ca9-85cf-5fd8fb950cdf,9cce5810-9ab2-4ae5-8415-7995d8826d96
192,3,7fe5501b-aab0-4b70-9fef-08933ccf7480,a35b71fc-7dfd-4613-8f54-8b306be14410
195,3,4409f409-077b-48c2-9421-b1802255499f,41b75885-3a61-44f4-a3bd-4c87a816ebbb
1698,3,82f57fc4-357f-49d3-af4b-e8bfb0a35210,4e53ded9-d000-4c61-bacb-b4c85f1e9cad
698,3,52e4975a-0d6d-4bb0-91a3-862f8e113091,da569b72-7c06-4f8d-b6f8-118c5f2cbbb1
1697,3,13659e76-e911-41da-bf99-30eb7b05defc,37b1af20-3ebd-40c5-a8e1-d567c2aa0b4f
417,3,db2bcb8a-c799-4233-9699-dea23b975972,d3f251f9-02cd-47de-9035-fe6b0ae9ac4a
375,3,d0dcf8b7-d032-481b-b80e-dea683cc1fa4,0778a0a5-4ea3-4ea3-b9c0-98907b2ae07e
209,3,4507d98e-44d1-40ea-8733-8047738b9a7a,1772fd04-891a-4b11-8bae-b74ac87089c4
1693,3,f6e3429d-e80e-4cf6-889e-44af1e93f87d,3c43820b-198f-43ed-8263-8df835a126e2
506,3,13b71402-f2cb-4aa3-9b17-639652e87ca8,de7c0779-16ad-4710-83fe-433ebcb2b5c7
349,3,7bd65217-fdbe-4945-a657-496a494fff48,a0844705-37e7-4686-985f-33669cf005d8
258,3,59c24c09-5ecd-44c8-a324-5a7da62c634b,fe7927e0-3e64-4494-baf1-0fadb01cae6a
261,1,37a18000-2d1f-41db-afe6-6545f817bcb7,f5f21e0b-7ffe-478f-a45b-e79ef6f4d9f6
271,3,a73ebc78-1f89-4af8-8f67-2e35de947d16,fb325fac-aacc-4bf9-8968-b6e055d5da2d
38,4,aade4249-dedf-4938-9ad1-432553bf0c36,f5f21e0b-7ffe-478f-a45b-e79ef6f4d9f6
346,4,7bd65217-fdbe-4945-a657-496a494fff48,925f4fe8-d6e1-4cf4-99d4-6f850f4d80c0
81,4,f6e3429d-e80e-4cf6-889e-44af1e93f87d,c154d944-30c6-453d-b43b-2982cadd277b
8,4,dda4b683-307d-4145-b75c-59f61c442484,de7c0779-16ad-4710-83fe-433ebcb2b5c7
905,4,337266f5-46b2-4abc-8b87-5555fe336f79,721afb3b-afb8-44b6-92b8-2d1c74caa732
870,4,4aa97b85-e71d-4584-a971-8b307e0a0e82,26198aa3-44d8-432e-86a1-ac540e83cac1
893,4,367ee6c7-1593-446e-8c5d-2a7bd11f1a81,0d02532b-fe7d-4a65-b97a-a327844dffd3
918,4,9c1d2774-3eeb-4b72-bd48-fa7eb5c5e39e,a2a3c105-395a-4a23-9dbf-1a49243cf45d
364,4,b8495e18-9a18-4e8f-8b88-85db6e74ec22,d04b21a1-01ea-4616-b72b-5294accde02d
294,4,bdd706f0-b987-446b-b650-78d9d86f00b2,08724f84-65da-4b23-a97f-6c94378d0fa1
89,5,cf802366-d886-45a5-bd49-2566521a4bbe,2c0973cf-c491-428a-a4f4-ad1756629eef
300,4,9188840c-25ba-4ec8-b8c3-d32413aaf7a0,174996c2-882a-45fa-9f6c-96d197c8d78a
699,4,52e4975a-0d6d-4bb0-91a3-862f8e113091,f3af3493-571f-48ed-b7f3-f4446caae9f2
43,4,11cb7b68-cfe7-4d6c-84ed-af5ab071e74c,e4e0a206-e0d2-4121-ba3f-675964f4f777
249,4,4507d98e-44d1-40ea-8733-8047738b9a7a,c5050d01-41b1-454d-83ad-542873399ec1
399,4,110491fc-f060-4b9d-ab2c-bb0806824948,5c104f22-267f-43d0-9809-e3b145a56372
149,4,6325743f-ad5d-4c24-aca3-6262a70d78d7,11e567be-d84b-4397-b557-ba0414f0e1f5
141,2,e2ca7d39-4fae-4ced-9dc2-b2593241b407,16dd4e4e-52af-4312-9145-8ee217e0f582
328,4,1b5fd49d-9131-46ee-b56a-70efbb1effe5,d866fbe3-3385-4489-bb26-f7b0e61143cc
728,4,a562afcf-b6f7-4ddd-be72-d450f8de9fc0,21edb453-23f6-42f5-8c8d-1b3c25e92a5d
162,4,1744df14-f1f1-451b-a384-28e3a1beba7f,d3f251f9-02cd-47de-9035-fe6b0ae9ac4a
376,4,d0dcf8b7-d032-481b-b80e-dea683cc1fa4,69da4a2c-241b-44a3-82a6-5352e881497b
336,6,c9f100c2-e502-4a61-94d5-87ae0f4d3646,893160e8-07e5-440a-9fb8-e3d1867f1ae8
748,4,a74cb76b-da08-4412-817f-3240e52c5dde,429098eb-0cc0-44d5-9e36-643d32175f50
353,5,e211347f-4b04-4765-a230-295f366390d1,925f4fe8-d6e1-4cf4-99d4-6f850f4d80c0
132,4,e2069dd1-ba2f-45fa-b2b7-9052a16f74cc,e560d96c-9530-4342-8baf-21a7fcf01712
124,4,e8b6fe34-d598-4d53-86d0-288bc004c3e7,babc6c1c-9898-4a8d-a9d8-45c7367784c7
262,2,37a18000-2d1f-41db-afe6-6545f817bcb7,5543956f-39bf-41cf-8fe6-4ab41d39ee7b
716,4,13659e76-e911-41da-bf99-30eb7b05defc,9bdd5e63-96a8-48e6-8860-cf9469c98178
320,4,d6fa3131-3ab1-48c9-bd8b-31c0461a9fb5,9a3c53c1-e376-40de-89ac-503be6c1fb7b
272,4,a73ebc78-1f89-4af8-8f67-2e35de947d16,932ad591-95ba-4791-bc37-8df476f958c0
109,4,b5867d88-1fd5-476e-98e0-498ccbf41655,60e23d4e-470f-4ac7-b213-043e960f24ee
316,4,063b5195-7e46-4b16-a45c-25393fb8675f,bf68e7ca-b8e2-4f98-b789-3d2f7a93262c
276,5,dab7d824-81ec-49ba-911a-b3d081469a84,a36dc72f-09af-464d-ab07-dfb907c778c1
65,4,8e349bce-5860-4c0b-9ee9-ebb684574262,083cedc3-89ed-4029-b0ca-4e84cd4a2797
310,4,ec808735-972e-41e7-8549-a96d93881e26,5543956f-39bf-41cf-8fe6-4ab41d39ee7b
76,4,ad9602aa-4d82-4f9f-9ef5-053f92f2c9ff,d90322fe-824f-4efd-afda-0139f74138b1
96,4,d176bc00-f198-4250-b9d7-5193f621fd60,04ac9c44-f2d9-4c63-8607-80e33c159fc3
858,4,da5cb52c-1e0a-4c22-ab96-e05c210c0e60,ab09132c-4a4c-42af-87ff-292f937bd79a
1850,4,763e3b22-b9ac-4bee-b665-69d1acb70712,174996c2-882a-45fa-9f6c-96d197c8d78a
1699,4,82f57fc4-357f-49d3-af4b-e8bfb0a35210,54e74b2e-292f-4284-844c-430babadbb67
665,4,13b71402-f2cb-4aa3-9b17-639652e87ca8,beba2566-9423-4a50-937d-334cfcf8b9b7
321,5,d6fa3131-3ab1-48c9-bd8b-31c0461a9fb5,dfb6b6ed-8e16-4225-88be-a5c0616acfa5
871,5,4aa97b85-e71d-4584-a971-8b307e0a0e82,c75b6a00-bbb8-4e01-b900-92f1053c1f0b
44,5,11cb7b68-cfe7-4d6c-84ed-af5ab071e74c,35abf890-8b3f-4934-9095-dd90d90b7f3a
1851,5,763e3b22-b9ac-4bee-b665-69d1acb70712,215b60c1-31b5-4b38-a0b0-91c8ae383348
329,5,1b5fd49d-9131-46ee-b56a-70efbb1effe5,a417742f-8f4e-46ee-b076-bf37e1eaa02e
125,5,e8b6fe34-d598-4d53-86d0-288bc004c3e7,0ddb1d01-cd3a-48aa-a24d-3c243fa96403
39,5,aade4249-dedf-4938-9ad1-432553bf0c36,87bcaf85-dcdb-47c8-806c-9e2acbef3e3a
163,5,1744df14-f1f1-451b-a384-28e3a1beba7f,a3cb96dd-425f-4a62-9df4-38930f40a7ca
400,5,110491fc-f060-4b9d-ab2c-bb0806824948,f9a70c3e-0a85-4266-b588-02ce23dd2b9a
1700,5,82f57fc4-357f-49d3-af4b-e8bfb0a35210,a4311539-b94a-437a-8ba3-484d2b02407a
1701,5,7bd65217-fdbe-4945-a657-496a494fff48,17c117c0-24a1-405e-ba74-f2fa64713533
142,5,e2ca7d39-4fae-4ced-9dc2-b2593241b407,88fa6492-c572-4524-9604-4ae950b75eb0
647,5,13b71402-f2cb-4aa3-9b17-639652e87ca8,cfc6ddd0-e643-4abb-a240-f21fd4214236
216,5,4507d98e-44d1-40ea-8733-8047738b9a7a,198ef139-431e-4fd9-b421-272f3592452d
906,5,337266f5-46b2-4abc-8b87-5555fe336f79,a1e04c06-cf0c-4e3a-81a6-fe7bb93c0735
301,5,9188840c-25ba-4ec8-b8c3-d32413aaf7a0,bac6bfa0-d1f3-477c-ab87-ee6e878119a7
90,6,cf802366-d886-45a5-bd49-2566521a4bbe,cc9bb455-c575-463e-8d1f-b1b6576f67dd
894,5,367ee6c7-1593-446e-8c5d-2a7bd11f1a81,190420c5-8ac0-4f5a-81a4-896c1405e56f
295,5,bdd706f0-b987-446b-b650-78d9d86f00b2,a6551395-bbb9-4d09-8242-66997d9b9522
377,5,d0dcf8b7-d032-481b-b80e-dea683cc1fa4,20701c05-4803-41b3-a443-82fb917c133c
311,5,ec808735-972e-41e7-8549-a96d93881e26,78ff69d9-bf68-4060-bf18-ec33407566ae
110,5,b5867d88-1fd5-476e-98e0-498ccbf41655,536652dd-daf3-43ce-97d0-797845843dde
97,5,d176bc00-f198-4250-b9d7-5193f621fd60,0d267836-dfe4-4fc1-a311-c913090079df
749,5,a74cb76b-da08-4412-817f-3240e52c5dde,c361c1ab-7e3e-43e3-90e5-83001cac2d3d
729,5,a562afcf-b6f7-4ddd-be72-d450f8de9fc0,adaeffc8-9f38-4686-99d2-17f834ef25d1
354,6,e211347f-4b04-4765-a230-295f366390d1,6a2c6430-fe12-4d7c-9bd9-119c86da65be
277,1,dab7d824-81ec-49ba-911a-b3d081469a84,07938324-dbf7-466e-bb80-a33b47f29d22
717,5,13659e76-e911-41da-bf99-30eb7b05defc,062fba9f-ea7b-4702-aa99-ae8d9b3d7901
263,11,37a18000-2d1f-41db-afe6-6545f817bcb7,24cb65e7-be66-4f5b-a668-09dedf5717d2
419,5,db2bcb8a-c799-4233-9699-dea23b975972,9a0582e7-4973-4f6d-934c-b62cb061ed07
365,5,b8495e18-9a18-4e8f-8b88-85db6e74ec22,4e53ded9-d000-4c61-bacb-b4c85f1e9cad
133,5,e2069dd1-ba2f-45fa-b2b7-9052a16f74cc,ee87e2a5-63d1-4fcf-8131-052abd95e625
859,5,da5cb52c-1e0a-4c22-ab96-e05c210c0e60,24cb65e7-be66-4f5b-a668-09dedf5717d2
150,5,6325743f-ad5d-4c24-aca3-6262a70d78d7,0e8e72ff-f844-4b1b-a46b-4b16d5c097bf
66,5,8e349bce-5860-4c0b-9ee9-ebb684574262,09e36914-a9bb-48fe-a3f9-336cc0b80afe
700,5,52e4975a-0d6d-4bb0-91a3-862f8e113091,465a2a8b-6cda-4667-a8fb-817232e46d57
366,6,b8495e18-9a18-4e8f-8b88-85db6e74ec22,d771942a-124c-4016-9e1a-bbc90578fac1
490,6,13b71402-f2cb-4aa3-9b17-639652e87ca8,9216cf52-d2bb-46ba-857a-049d0a574f22
223,6,4507d98e-44d1-40ea-8733-8047738b9a7a,9d86b8a6-81ff-4ecd-93fe-be69e56c981a
304,6,82f57fc4-357f-49d3-af4b-e8bfb0a35210,5819efb0-3fb9-4e98-95f2-5b14c49d7f68
1702,6,7bd65217-fdbe-4945-a657-496a494fff48,e4c075b8-f0d3-4fef-a6f7-2314db13597b
1703,6,13659e76-e911-41da-bf99-30eb7b05defc,e57b8b07-3030-4b01-94d3-b0f78cacb861
278,6,dab7d824-81ec-49ba-911a-b3d081469a84,fa366e1a-dc8b-48a7-9152-3c322634036f
860,6,da5cb52c-1e0a-4c22-ab96-e05c210c0e60,e50cf919-b482-4488-a9cd-0a9ac404b532
10,6,dda4b683-307d-4145-b75c-59f61c442484,f5f21e0b-7ffe-478f-a45b-e79ef6f4d9f6
701,6,52e4975a-0d6d-4bb0-91a3-862f8e113091,0d9e2d60-cbc5-4d1e-a545-0963b0f66b8a
420,6,db2bcb8a-c799-4233-9699-dea23b975972,bf06b318-dc37-4d0b-bf48-448ae4f044c9
151,6,6325743f-ad5d-4c24-aca3-6262a70d78d7,eda988f5-3df0-4122-bc01-b32bc1ab730b
378,6,d0dcf8b7-d032-481b-b80e-dea683cc1fa4,a3bf3a23-4e6a-4d60-af08-287b1954425d
134,6,e2069dd1-ba2f-45fa-b2b7-9052a16f74cc,86f3542d-0adc-4cbd-96f2-2c6565ef85c5
27,6,18ff9253-b11c-4ffa-9c3b-4b167c9f8cf2,4415503d-9818-4d13-a397-b82a0d834d8d
264,14,37a18000-2d1f-41db-afe6-6545f817bcb7,e50cf919-b482-4488-a9cd-0a9ac404b532
111,6,b5867d88-1fd5-476e-98e0-498ccbf41655,67c45ff6-eef0-40cf-ad85-5a2441f35448
750,6,a74cb76b-da08-4412-817f-3240e52c5dde,406dd479-6892-4a86-89eb-9f46c52d881f
98,6,d176bc00-f198-4250-b9d7-5193f621fd60,a20fda44-fb10-4c49-8f6d-86bde4756bf2
91,7,cf802366-d886-45a5-bd49-2566521a4bbe,2ed95217-bd9c-4b44-b9ca-846a326c54e8
296,6,bdd706f0-b987-446b-b650-78d9d86f00b2,38a632e2-4d79-410a-a941-f0abc23fb982
302,6,9188840c-25ba-4ec8-b8c3-d32413aaf7a0,9bf6c170-e45e-40dc-9af1-e86261f9ecb2
67,6,8e349bce-5860-4c0b-9ee9-ebb684574262,bcee72f7-6155-4c69-9ff4-0710f919864e
312,6,ec808735-972e-41e7-8549-a96d93881e26,56a5e659-736c-4e6e-8fa9-4601633eaeac
355,8,e211347f-4b04-4765-a230-295f366390d1,5117de57-ba82-4e60-ace1-9783273dba6f
45,6,11cb7b68-cfe7-4d6c-84ed-af5ab071e74c,dd897bae-9576-43ba-95da-4e5f5f31b869
730,6,a562afcf-b6f7-4ddd-be72-d450f8de9fc0,3dfa4726-1dce-4981-949b-7b0b13623320
164,6,1744df14-f1f1-451b-a384-28e3a1beba7f,0c8c5417-8d63-436e-b46d-48069439f016
895,6,367ee6c7-1593-446e-8c5d-2a7bd11f1a81,fc1e58f7-611e-4863-a63b-df941c63e29f
872,6,4aa97b85-e71d-4584-a971-8b307e0a0e82,53de1422-f284-4bac-a187-98cf3dd5b713
907,6,337266f5-46b2-4abc-8b87-5555fe336f79,b5c6744a-96db-4672-9f7a-c5ed69a2577a
1852,6,763e3b22-b9ac-4bee-b665-69d1acb70712,dfb6b6ed-8e16-4225-88be-a5c0616acfa5
861,7,da5cb52c-1e0a-4c22-ab96-e05c210c0e60,b8563229-44ab-4073-8e88-24bc02723a65
265,6,37a18000-2d1f-41db-afe6-6545f817bcb7,b8563229-44ab-4073-8e88-24bc02723a65
873,7,4aa97b85-e71d-4584-a971-8b307e0a0e82,d1f786d8-2139-4242-bef3-7d8d8aa59b0e
46,7,11cb7b68-cfe7-4d6c-84ed-af5ab071e74c,d866fbe3-3385-4489-bb26-f7b0e61143cc
896,7,367ee6c7-1593-446e-8c5d-2a7bd11f1a81,63038ab0-47b4-4a46-bba1-ae210c5dd3ce
908,7,337266f5-46b2-4abc-8b87-5555fe336f79,871d4544-63d1-4032-b707-f62f762afaf0
356,9,e211347f-4b04-4765-a230-295f366390d1,d857c04b-fb2c-4538-ae33-0c566c27fe36
367,7,b8495e18-9a18-4e8f-8b88-85db6e74ec22,5b5a4313-8408-4334-a1c7-1eb8848f8053
279,7,dab7d824-81ec-49ba-911a-b3d081469a84,87351098-0b4b-460d-a8ef-a8040c24e39a
68,7,8e349bce-5860-4c0b-9ee9-ebb684574262,beba2566-9423-4a50-937d-334cfcf8b9b7
99,7,d176bc00-f198-4250-b9d7-5193f621fd60,0f484bfb-290c-45cd-9141-3b8f7ff08b9d
303,7,9188840c-25ba-4ec8-b8c3-d32413aaf7a0,41b75885-3a61-44f4-a3bd-4c87a816ebbb
421,7,db2bcb8a-c799-4233-9699-dea23b975972,9216cf52-d2bb-46ba-857a-049d0a574f22
28,7,18ff9253-b11c-4ffa-9c3b-4b167c9f8cf2,cb093d1a-a697-41fd-9bae-c61bcd67e79a
165,7,1744df14-f1f1-451b-a384-28e3a1beba7f,de7c0779-16ad-4710-83fe-433ebcb2b5c7
152,7,6325743f-ad5d-4c24-aca3-6262a70d78d7,c898db9e-f54d-4e10-96d2-f94e8a9c4eae
402,7,110491fc-f060-4b9d-ab2c-bb0806824948,de7c0779-16ad-4710-83fe-433ebcb2b5c7
1704,7,13659e76-e911-41da-bf99-30eb7b05defc,e386ba81-c782-4a79-8a9a-3f7d229623da
135,7,e2069dd1-ba2f-45fa-b2b7-9052a16f74cc,062fba9f-ea7b-4702-aa99-ae8d9b3d7901
731,7,a562afcf-b6f7-4ddd-be72-d450f8de9fc0,b80f0c00-ae59-4c75-89e0-35e830ec47cd
379,7,d0dcf8b7-d032-481b-b80e-dea683cc1fa4,d6a98b0b-bb2c-49bc-b2a2-1a0769448da6
539,7,13b71402-f2cb-4aa3-9b17-639652e87ca8,dd897bae-9576-43ba-95da-4e5f5f31b869
1853,7,763e3b22-b9ac-4bee-b665-69d1acb70712,fa83ef07-cbd2-45d4-85ab-f6a42c6af06b
1707,7,7bd65217-fdbe-4945-a657-496a494fff48,f30bcf6d-d1bd-42a6-844a-82eab8ae2dd2
1706,7,82f57fc4-357f-49d3-af4b-e8bfb0a35210,b434374c-df1e-4feb-baaa-5262d8dd19ad
1705,7,4507d98e-44d1-40ea-8733-8047738b9a7a,69f4fff5-ac59-4913-9fe7-3f39baabc826
112,7,b5867d88-1fd5-476e-98e0-498ccbf41655,f1091b36-ab29-4673-a98c-59d995dd74ad
1708,8,82f57fc4-357f-49d3-af4b-e8bfb0a35210,d771942a-124c-4016-9e1a-bbc90578fac1
732,8,a562afcf-b6f7-4ddd-be72-d450f8de9fc0,3b735f49-f361-4c8c-a95a-b87eaec6e100
357,10,e211347f-4b04-4765-a230-295f366390d1,80ffd628-fa69-4e57-8eee-a8c63cdd4f79
266,13,37a18000-2d1f-41db-afe6-6545f817bcb7,af625cbe-d550-4a9f-b7e9-b9d2d6aae9bc
153,8,6325743f-ad5d-4c24-aca3-6262a70d78d7,f6820061-7ebd-470b-a5cd-9af569a99929
166,8,1744df14-f1f1-451b-a384-28e3a1beba7f,0a671dcd-50a7-4e35-8992-2ef1546f8389
874,8,4aa97b85-e71d-4584-a971-8b307e0a0e82,fa557c6f-236e-43b0-a871-148c613a2019
703,8,52e4975a-0d6d-4bb0-91a3-862f8e113091,38055854-f3af-459c-96ba-62011e78f894
113,8,b5867d88-1fd5-476e-98e0-498ccbf41655,780e914c-550e-44e2-8757-d03bdb4a0225
47,8,11cb7b68-cfe7-4d6c-84ed-af5ab071e74c,aacd6651-4533-4b3e-a7de-b1c4c917f77a
380,8,d0dcf8b7-d032-481b-b80e-dea683cc1fa4,876cf80a-e8fa-43f9-8e93-af807fa305b6
100,8,d176bc00-f198-4250-b9d7-5193f621fd60,c77fd798-97b9-48e5-b3cf-ade23d6493ad
368,8,b8495e18-9a18-4e8f-8b88-85db6e74ec22,5819efb0-3fb9-4e98-95f2-5b14c49d7f68
862,8,da5cb52c-1e0a-4c22-ab96-e05c210c0e60,78ff69d9-bf68-4060-bf18-ec33407566ae
280,9,dab7d824-81ec-49ba-911a-b3d081469a84,d89d4bf7-9069-438d-95cc-ba313251b61b
12,8,dda4b683-307d-4145-b75c-59f61c442484,083cedc3-89ed-4029-b0ca-4e84cd4a2797
422,8,db2bcb8a-c799-4233-9699-dea23b975972,de7c0779-16ad-4710-83fe-433ebcb2b5c7
1854,8,763e3b22-b9ac-4bee-b665-69d1acb70712,ba6a73e7-cc4a-41bc-90fb-00af495b032f
1710,8,7bd65217-fdbe-4945-a657-496a494fff48,4579b32f-a1f5-4314-88f3-311119cf6b76
1709,8,13659e76-e911-41da-bf99-30eb7b05defc,6aa418cf-c3c2-4910-ba4c-803394aa61f6
230,8,4507d98e-44d1-40ea-8733-8047738b9a7a,2236d70a-73a7-4ed1-ab06-cd03163ecb00
585,8,13b71402-f2cb-4aa3-9b17-639652e87ca8,c478c80b-b2f3-48ca-a3b3-825715f51fd8
863,9,da5cb52c-1e0a-4c22-ab96-e05c210c0e60,464b92f7-cfbb-424f-84e8-36200b14f78e
1711,9,4507d98e-44d1-40ea-8733-8047738b9a7a,8466a279-36a2-4219-be5d-066e1a7447a4
1712,9,7bd65217-fdbe-4945-a657-496a494fff48,a06cc7e6-91f6-4eee-bcd2-39452aeea748
1713,9,13659e76-e911-41da-bf99-30eb7b05defc,ca20169f-4d32-4ff1-99f7-e3dff93e2d6b
1714,9,82f57fc4-357f-49d3-af4b-e8bfb0a35210,9618af77-ecc1-420b-84b7-731e9e4d7000
1855,9,763e3b22-b9ac-4bee-b665-69d1acb70712,7cf41c31-47a1-49ce-8559-a625ebde8679
733,9,a562afcf-b6f7-4ddd-be72-d450f8de9fc0,9eb17566-0874-4e3d-b69d-c89ee1c7ca9a
535,9,13b71402-f2cb-4aa3-9b17-639652e87ca8,74c0fad5-359f-4b65-a01c-04b588551012
875,9,4aa97b85-e71d-4584-a971-8b307e0a0e82,afa04a5e-8a74-4ae0-b318-021bee3aab75
381,9,d0dcf8b7-d032-481b-b80e-dea683cc1fa4,c581ff5d-c990-41fe-8c7e-cb50f5ef12d9
101,9,d176bc00-f198-4250-b9d7-5193f621fd60,e67d0cca-ed84-4a81-898c-2db53af16b7c
154,9,6325743f-ad5d-4c24-aca3-6262a70d78d7,cab57916-5c7b-4d9c-8bb2-ec44e5a527f2
167,9,1744df14-f1f1-451b-a384-28e3a1beba7f,1edbfe8e-9843-4b86-9c39-58878ab556cb
267,15,37a18000-2d1f-41db-afe6-6545f817bcb7,78ff69d9-bf68-4060-bf18-ec33407566ae
281,10,dab7d824-81ec-49ba-911a-b3d081469a84,55fdb510-f237-4c03-9625-931456e05b73
358,11,e211347f-4b04-4765-a230-295f366390d1,5212d5a9-cfb7-45de-a302-37692fef700b
369,9,b8495e18-9a18-4e8f-8b88-85db6e74ec22,0ead8662-05dc-4b60-b1d6-de5c93fcbf85
423,9,db2bcb8a-c799-4233-9699-dea23b975972,0a671dcd-50a7-4e35-8992-2ef1546f8389
876,10,4aa97b85-e71d-4584-a971-8b307e0a0e82,4e4805f9-c92d-4977-9b1d-e738dba64759
1715,10,4507d98e-44d1-40ea-8733-8047738b9a7a,f50042be-1ea4-44ee-a427-1a4e6915b30a
1716,10,82f57fc4-357f-49d3-af4b-e8bfb0a35210,91271e26-8c69-450d-9428-546ead9807fd
1717,10,7bd65217-fdbe-4945-a657-496a494fff48,484bba5f-0f26-4faf-98f5-7fdc9ff9f62c
1856,10,763e3b22-b9ac-4bee-b665-69d1acb70712,67f13ba7-3040-4c00-a95a-ccbfd3f4f1d3
155,10,6325743f-ad5d-4c24-aca3-6262a70d78d7,dc269e6b-7468-422d-a042-0332cf879411
633,10,13b71402-f2cb-4aa3-9b17-639652e87ca8,c1231a09-dbd1-4be9-87c6-44387f12704f
705,10,52e4975a-0d6d-4bb0-91a3-862f8e113091,f24b103d-37c7-4424-88cc-5f645c5fa8c9
168,10,1744df14-f1f1-451b-a384-28e3a1beba7f,f5f21e0b-7ffe-478f-a45b-e79ef6f4d9f6
382,10,d0dcf8b7-d032-481b-b80e-dea683cc1fa4,e5f038e9-9140-451f-a62c-c7f1a68e42f1
14,10,dda4b683-307d-4145-b75c-59f61c442484,cfc6ddd0-e643-4abb-a240-f21fd4214236
734,10,a562afcf-b6f7-4ddd-be72-d450f8de9fc0,103c72a8-fe20-41be-974a-d8bb971f474e
405,10,110491fc-f060-4b9d-ab2c-bb0806824948,0a671dcd-50a7-4e35-8992-2ef1546f8389
370,10,b8495e18-9a18-4e8f-8b88-85db6e74ec22,9618af77-ecc1-420b-84b7-731e9e4d7000
424,10,db2bcb8a-c799-4233-9699-dea23b975972,74c0fad5-359f-4b65-a01c-04b588551012
268,7,37a18000-2d1f-41db-afe6-6545f817bcb7,c704232e-3366-4946-b808-60a127fb3c5e
102,10,d176bc00-f198-4250-b9d7-5193f621fd60,e772bb93-efbb-4cc1-9d06-f37dddc6485a
371,11,b8495e18-9a18-4e8f-8b88-85db6e74ec22,54e74b2e-292f-4284-844c-430babadbb67
15,11,dda4b683-307d-4145-b75c-59f61c442484,beba2566-9423-4a50-937d-334cfcf8b9b7
706,11,52e4975a-0d6d-4bb0-91a3-862f8e113091,ecd03e8e-8bbd-4e96-ad32-6925af2b7920
283,13,dab7d824-81ec-49ba-911a-b3d081469a84,c1af8c99-4f59-453b-9441-16db8b7deb59
425,11,db2bcb8a-c799-4233-9699-dea23b975972,dd897bae-9576-43ba-95da-4e5f5f31b869
735,11,a562afcf-b6f7-4ddd-be72-d450f8de9fc0,ba1ad8a2-620f-4cd1-9c95-2a2fa4b72113
103,11,d176bc00-f198-4250-b9d7-5193f621fd60,5142577e-0fcf-4454-9dcc-21fce4fdc581
156,11,6325743f-ad5d-4c24-aca3-6262a70d78d7,6b569da6-48bc-4b00-9e9c-7d49a3f3c7ae
169,11,1744df14-f1f1-451b-a384-28e3a1beba7f,d5d036a6-922a-445e-abee-3e278934d1e7
406,11,110491fc-f060-4b9d-ab2c-bb0806824948,dd897bae-9576-43ba-95da-4e5f5f31b869
383,11,d0dcf8b7-d032-481b-b80e-dea683cc1fa4,69ab549b-1fcf-4ac5-bf0a-9ed63d045a67
1720,11,4507d98e-44d1-40ea-8733-8047738b9a7a,66d6571e-f9a9-4a9c-9e39-62d6eab7fbf2
568,11,13b71402-f2cb-4aa3-9b17-639652e87ca8,2808221f-713c-43ad-ada5-c58795a88514
1719,11,7bd65217-fdbe-4945-a657-496a494fff48,dd77b0be-c31d-4319-a8d4-1ee118c9dbc7
1718,11,82f57fc4-357f-49d3-af4b-e8bfb0a35210,88a34c1d-7084-4822-9313-52bd15051759
1857,11,763e3b22-b9ac-4bee-b665-69d1acb70712,c0bd22b0-52ab-4c6f-a8bc-0c24f3171cbf
170,12,1744df14-f1f1-451b-a384-28e3a1beba7f,0eb2bb9b-cf82-40d6-9f22-edf4f8ca86b2
284,14,dab7d824-81ec-49ba-911a-b3d081469a84,62d39051-db20-48b5-9b11-05ba167904d1
384,12,d0dcf8b7-d032-481b-b80e-dea683cc1fa4,f1e72476-c445-47dd-b4ab-40c4a05c615f
1723,12,7bd65217-fdbe-4945-a657-496a494fff48,9b3579cb-d12b-4175-b92a-587b5c9eee72
16,12,dda4b683-307d-4145-b75c-59f61c442484,fe8eee07-84fd-4009-9b91-a8daed612b0d
104,12,d176bc00-f198-4250-b9d7-5193f621fd60,079aabac-08e2-4cf3-adfe-b00f3afe2275
1721,12,4507d98e-44d1-40ea-8733-8047738b9a7a,d711c0bb-654a-4ee6-a0aa-c4a548ebad4a
1722,12,82f57fc4-357f-49d3-af4b-e8bfb0a35210,d2f8f0cf-4b38-4a40-a262-6173918a0419
1858,12,763e3b22-b9ac-4bee-b665-69d1acb70712,6da5dfda-f960-4571-88e3-5cc658f87128
407,12,110491fc-f060-4b9d-ab2c-bb0806824948,3ba35124-1b67-405d-8399-4d6ce89274f0
736,12,a562afcf-b6f7-4ddd-be72-d450f8de9fc0,bb351003-9d0f-47b0-9001-66c508ecf494
459,12,13b71402-f2cb-4aa3-9b17-639652e87ca8,6ae1e775-7e0b-4156-a246-7ea52fe37a50
51,12,11cb7b68-cfe7-4d6c-84ed-af5ab071e74c,beba2566-9423-4a50-937d-334cfcf8b9b7
157,12,6325743f-ad5d-4c24-aca3-6262a70d78d7,1502922e-20a4-4871-9d45-d76da6e54d74
707,12,52e4975a-0d6d-4bb0-91a3-862f8e113091,749b2b57-ae75-410f-843b-98344c4289f1
372,12,b8495e18-9a18-4e8f-8b88-85db6e74ec22,a4311539-b94a-437a-8ba3-484d2b02407a
1859,13,763e3b22-b9ac-4bee-b665-69d1acb70712,71352468-ff1c-481b-8f2e-a6b3e6c00f1b
1724,13,82f57fc4-357f-49d3-af4b-e8bfb0a35210,9a924e21-ef83-42d1-8c85-603ce085e43c
1725,13,7bd65217-fdbe-4945-a657-496a494fff48,a1385fa3-4238-4edd-8e2d-96a415f7097f
52,13,11cb7b68-cfe7-4d6c-84ed-af5ab071e74c,40dc8b1f-5f68-4bbe-9652-b1f65d4953a6
105,13,d176bc00-f198-4250-b9d7-5193f621fd60,fe8eee07-84fd-4009-9b91-a8daed612b0d
158,13,6325743f-ad5d-4c24-aca3-6262a70d78d7,c0250c09-3ff9-4692-b9a5-51a122c54097
737,13,a562afcf-b6f7-4ddd-be72-d450f8de9fc0,05d192f6-09a6-4b27-9e31-6c53ded5d74e
171,13,1744df14-f1f1-451b-a384-28e3a1beba7f,5543956f-39bf-41cf-8fe6-4ab41d39ee7b
708,13,52e4975a-0d6d-4bb0-91a3-862f8e113091,0702a9c0-7987-47d6-ac0a-c7c96958c1d8
528,13,13b71402-f2cb-4aa3-9b17-639652e87ca8,0a671dcd-50a7-4e35-8992-2ef1546f8389
1726,13,4507d98e-44d1-40ea-8733-8047738b9a7a,a9c013a5-89cc-4ddc-885e-0e1598bef6bc
1860,14,763e3b22-b9ac-4bee-b665-69d1acb70712,aa6a47a3-8dd1-498d-9834-0847162d6c28
1728,14,82f57fc4-357f-49d3-af4b-e8bfb0a35210,743031b1-1270-4800-a74b-a26ba7e18331
428,14,db2bcb8a-c799-4233-9699-dea23b975972,90ea7fa1-61f3-4be9-a723-d8a53c39343a
618,14,13b71402-f2cb-4aa3-9b17-639652e87ca8,9e3f67c4-6bbd-415c-8d64-6b293808a2e1
1729,14,4507d98e-44d1-40ea-8733-8047738b9a7a,c414124a-1f74-40dc-8361-a215774982dc
53,14,11cb7b68-cfe7-4d6c-84ed-af5ab071e74c,67c788db-bec5-49da-8292-421c6af8542b
172,14,1744df14-f1f1-451b-a384-28e3a1beba7f,e1046dae-82c8-4d6c-93a4-b126f6fcfbf9
409,14,110491fc-f060-4b9d-ab2c-bb0806824948,ff7de896-5252-477a-88f8-4ad5b89c7b3e
709,14,52e4975a-0d6d-4bb0-91a3-862f8e113091,ef23dfda-e10b-44a4-8771-ae0f29941e31
738,14,a562afcf-b6f7-4ddd-be72-d450f8de9fc0,ec4ddabb-f7c4-48d0-8338-54e282516c4e
386,14,d0dcf8b7-d032-481b-b80e-dea683cc1fa4,0c696626-f666-4e6d-95cd-9e0e08910a66
1727,14,7bd65217-fdbe-4945-a657-496a494fff48,854681a1-c376-4926-af46-a877f4de8d61
173,15,1744df14-f1f1-451b-a384-28e3a1beba7f,da4c6b94-f422-4ed7-9f75-d9ccd577ccdd
54,15,11cb7b68-cfe7-4d6c-84ed-af5ab071e74c,fb226e1e-c094-429c-ae96-7590c98410c7
410,15,110491fc-f060-4b9d-ab2c-bb0806824948,083cedc3-89ed-4029-b0ca-4e84cd4a2797
387,15,d0dcf8b7-d032-481b-b80e-dea683cc1fa4,e9e7e198-b639-4da4-8f50-7bc7f145e526
536,15,13b71402-f2cb-4aa3-9b17-639652e87ca8,101b010c-c65a-4fc2-aed2-c7c30ffd2378
1730,15,82f57fc4-357f-49d3-af4b-e8bfb0a35210,44646662-cbdc-4f9e-9e8d-325cc6694a68
1731,15,4507d98e-44d1-40ea-8733-8047738b9a7a,9d251409-b1e3-48af-b22c-57fd39fb2dbc
1733,16,7bd65217-fdbe-4945-a657-496a494fff48,bac6bfa0-d1f3-477c-ab87-ee6e878119a7
174,16,1744df14-f1f1-451b-a384-28e3a1beba7f,5e80d0d1-7b85-41da-aa28-29af079e8963
388,16,d0dcf8b7-d032-481b-b80e-dea683cc1fa4,e8785156-b4a3-4d39-ba9c-75ee48cb2296
478,16,13b71402-f2cb-4aa3-9b17-639652e87ca8,cef04c28-7cd5-4491-9378-565f2a75c5c8
1735,16,4507d98e-44d1-40ea-8733-8047738b9a7a,c269ba29-bdf3-409d-8f9a-c787c9de63ac
411,16,110491fc-f060-4b9d-ab2c-bb0806824948,b4bcc825-3e6a-4492-907a-4d3da183a207
430,16,db2bcb8a-c799-4233-9699-dea23b975972,12a24cea-5e9a-46b8-9eb8-d284142cbf74
1734,16,82f57fc4-357f-49d3-af4b-e8bfb0a35210,33ec499b-344d-47af-9efa-9f6ae26eb15b
1737,17,82f57fc4-357f-49d3-af4b-e8bfb0a35210,e5fef452-b3fb-4b1a-84c3-c0e6a59eab8c
1738,17,7bd65217-fdbe-4945-a657-496a494fff48,cfc6ddd0-e643-4abb-a240-f21fd4214236
1736,17,4507d98e-44d1-40ea-8733-8047738b9a7a,7f295467-0cbd-4340-aa10-d70576b9f4d5
175,17,1744df14-f1f1-451b-a384-28e3a1beba7f,083cedc3-89ed-4029-b0ca-4e84cd4a2797
538,17,13b71402-f2cb-4aa3-9b17-639652e87ca8,3ceb4f3c-777c-4ae9-89cb-7e10e207f14f
412,17,110491fc-f060-4b9d-ab2c-bb0806824948,beba2566-9423-4a50-937d-334cfcf8b9b7
389,17,d0dcf8b7-d032-481b-b80e-dea683cc1fa4,b88f9b93-61c1-4b2e-a5f5-3b8464b1b022
196,18,4507d98e-44d1-40ea-8733-8047738b9a7a,cf47283e-57e9-45df-b736-f02459ce4aec
1740,18,7bd65217-fdbe-4945-a657-496a494fff48,794da7fd-e2ca-4085-ad55-b00dfb29f0c2
1739,18,82f57fc4-357f-49d3-af4b-e8bfb0a35210,194a9ebd-1960-4d0e-98da-896ffbbff822
432,18,db2bcb8a-c799-4233-9699-dea23b975972,083cedc3-89ed-4029-b0ca-4e84cd4a2797
413,18,110491fc-f060-4b9d-ab2c-bb0806824948,c5bf94e1-e59c-41e5-bec8-5ac68a9a81be
614,18,13b71402-f2cb-4aa3-9b17-639652e87ca8,a1aff984-5a0f-4379-a124-a6a12bc859bb
390,18,d0dcf8b7-d032-481b-b80e-dea683cc1fa4,8cdc0ea7-2ffa-423d-8d21-ff847e833c15
176,18,1744df14-f1f1-451b-a384-28e3a1beba7f,b08b97a2-6a8f-4b16-93f2-3dc46d7e2480
391,19,d0dcf8b7-d032-481b-b80e-dea683cc1fa4,9efa3c99-ee41-470e-ac5b-ba91d689d37a
659,19,13b71402-f2cb-4aa3-9b17-639652e87ca8,480d01f6-c632-4b2f-9cbc-2378967e196a
433,19,db2bcb8a-c799-4233-9699-dea23b975972,66b64319-c80a-437f-b22e-671a60c06198
177,19,1744df14-f1f1-451b-a384-28e3a1beba7f,012a1b99-cc31-413e-9b5e-8a7418453cdc
414,19,110491fc-f060-4b9d-ab2c-bb0806824948,ee8f3933-5f0b-4573-8696-652b412f5adf
1741,19,82f57fc4-357f-49d3-af4b-e8bfb0a35210,c38c0e5a-a6d5-4a0f-a737-ab1635295a42
197,19,4507d98e-44d1-40ea-8733-8047738b9a7a,18eb53cf-0832-4184-b89c-b2109f013649
1743,20,4507d98e-44d1-40ea-8733-8047738b9a7a,05534abb-a752-4e1b-b03d-1317b424afb8
178,20,1744df14-f1f1-451b-a384-28e3a1beba7f,87bbed7f-285e-41c2-852a-aa7001bf4a5c
1742,20,82f57fc4-357f-49d3-af4b-e8bfb0a35210,9bf176e1-07ac-4e04-9cdc-ac37826c473d
534,20,13b71402-f2cb-4aa3-9b17-639652e87ca8,21467b38-49d0-43cb-8948-522058178f1b
434,20,db2bcb8a-c799-4233-9699-dea23b975972,9e3f67c4-6bbd-415c-8d64-6b293808a2e1
392,20,d0dcf8b7-d032-481b-b80e-dea683cc1fa4,d291fcdb-8fdd-4336-89e0-df89d1fadeb3
393,21,d0dcf8b7-d032-481b-b80e-dea683cc1fa4,1dce5271-7140-450d-93ee-7314953e89a9
435,21,db2bcb8a-c799-4233-9699-dea23b975972,10ca01cf-8659-4bd4-9e39-6a94a3eebb70
572,21,13b71402-f2cb-4aa3-9b17-639652e87ca8,7f4a313b-f7c9-47bf-abf9-98b14cda5ba7
198,21,4507d98e-44d1-40ea-8733-8047738b9a7a,b93f43a7-4cce-4c93-8e11-f970df77975c
179,21,1744df14-f1f1-451b-a384-28e3a1beba7f,f1091b36-ab29-4673-a98c-59d995dd74ad
1744,21,82f57fc4-357f-49d3-af4b-e8bfb0a35210,38dc6f6f-e53f-49c5-935d-4f37dc5c1145
642,22,13b71402-f2cb-4aa3-9b17-639652e87ca8,10ca01cf-8659-4bd4-9e39-6a94a3eebb70
436,22,db2bcb8a-c799-4233-9699-dea23b975972,cfc6ddd0-e643-4abb-a240-f21fd4214236
199,22,4507d98e-44d1-40ea-8733-8047738b9a7a,1833a89c-9a41-4a3c-b12d-6d80cf3505bc
180,22,1744df14-f1f1-451b-a384-28e3a1beba7f,f25a6be5-61cd-4c66-81ae-ff90846f7559
1745,22,82f57fc4-357f-49d3-af4b-e8bfb0a35210,0682a315-5931-4412-b4a7-d5ac7eb040db
437,23,db2bcb8a-c799-4233-9699-dea23b975972,480d01f6-c632-4b2f-9cbc-2378967e196a
566,23,13b71402-f2cb-4aa3-9b17-639652e87ca8,e1046dae-82c8-4d6c-93a4-b126f6fcfbf9
1747,23,4507d98e-44d1-40ea-8733-8047738b9a7a,5a20f601-ccc3-49bd-a9a5-19474b81a39f
181,23,1744df14-f1f1-451b-a384-28e3a1beba7f,c1231a09-dbd1-4be9-87c6-44387f12704f
1746,23,82f57fc4-357f-49d3-af4b-e8bfb0a35210,f1a71008-9826-4e81-a1b7-ab866b6ed755
438,24,db2bcb8a-c799-4233-9699-dea23b975972,beba2566-9423-4a50-937d-334cfcf8b9b7
182,24,1744df14-f1f1-451b-a384-28e3a1beba7f,8969a681-37ac-441f-86a1-8c20ff70f79a
1749,24,82f57fc4-357f-49d3-af4b-e8bfb0a35210,495087f9-d7da-4715-af09-62500dd6a65f
1748,24,4507d98e-44d1-40ea-8733-8047738b9a7a,90bb8639-40f8-45f3-9d76-dbd0e4dda93a
529,24,13b71402-f2cb-4aa3-9b17-639652e87ca8,1eac3b2c-d048-4031-a327-fd2358a08ceb
524,25,13b71402-f2cb-4aa3-9b17-639652e87ca8,2ca7fe23-88b3-4fc6-bee0-b47631ee462e
183,25,1744df14-f1f1-451b-a384-28e3a1beba7f,691c870c-1549-49bd-ad01-8b2c53944387
200,25,4507d98e-44d1-40ea-8733-8047738b9a7a,421dff5c-1450-47ef-9fc1-9e3131401d59
439,25,db2bcb8a-c799-4233-9699-dea23b975972,e132e9d3-824a-49db-a649-3147764b127c
1750,25,82f57fc4-357f-49d3-af4b-e8bfb0a35210,cb70d994-8f5f-4975-9bd1-aea1c29d1fc2
184,26,1744df14-f1f1-451b-a384-28e3a1beba7f,42ab6784-6377-4c20-afe1-426a4a1b3f6c
580,26,13b71402-f2cb-4aa3-9b17-639652e87ca8,298edd89-46cb-46d1-a8ae-fa759b6c57a7
201,26,4507d98e-44d1-40ea-8733-8047738b9a7a,bf627954-1ea1-4e8f-a831-635871dd9e2a
1751,26,82f57fc4-357f-49d3-af4b-e8bfb0a35210,9d4f43e9-cc58-4b6d-b76c-2185dad007ca
185,27,1744df14-f1f1-451b-a384-28e3a1beba7f,1452f06a-a016-4a5c-94a6-95d3426cd365
1753,27,82f57fc4-357f-49d3-af4b-e8bfb0a35210,a9498c4c-07b5-44c4-960c-e03d14627f42
1752,27,4507d98e-44d1-40ea-8733-8047738b9a7a,d80236a7-d55c-4e4d-ad63-fd32861b2e88
608,27,13b71402-f2cb-4aa3-9b17-639652e87ca8,66b64319-c80a-437f-b22e-671a60c06198
186,28,1744df14-f1f1-451b-a384-28e3a1beba7f,beba2566-9423-4a50-937d-334cfcf8b9b7
501,28,13b71402-f2cb-4aa3-9b17-639652e87ca8,0c220e50-2a23-4d7d-be4d-32ad07d07630
1755,28,4507d98e-44d1-40ea-8733-8047738b9a7a,0ab593a8-001c-4d17-a32c-0bd94fb2dfa8
1754,28,82f57fc4-357f-49d3-af4b-e8bfb0a35210,6cd42351-454a-4896-b635-72cd08b930f6
488,29,13b71402-f2cb-4aa3-9b17-639652e87ca8,bf06b318-dc37-4d0b-bf48-448ae4f044c9
1756,29,4507d98e-44d1-40ea-8733-8047738b9a7a,beb8f824-0093-40d0-8bf1-4f5dedbc35eb
1757,29,82f57fc4-357f-49d3-af4b-e8bfb0a35210,b35afae4-a71f-48bc-8f5c-ef0b51293bd0
187,29,1744df14-f1f1-451b-a384-28e3a1beba7f,20d2884c-c2e2-4808-abbc-c655bc81854b
561,30,13b71402-f2cb-4aa3-9b17-639652e87ca8,72f1be77-4be9-4dbc-8c63-78a3d46f37eb
202,30,4507d98e-44d1-40ea-8733-8047738b9a7a,6b277116-5612-48db-9372-d2eadbc80b94
1758,30,82f57fc4-357f-49d3-af4b-e8bfb0a35210,26a535fa-7ec6-4289-b24d-d4b721d1acbc
188,30,1744df14-f1f1-451b-a384-28e3a1beba7f,d0cc0f7f-6b2f-49ef-b79c-db953d094fed
189,31,1744df14-f1f1-451b-a384-28e3a1beba7f,c704232e-3366-4946-b808-60a127fb3c5e
203,31,4507d98e-44d1-40ea-8733-8047738b9a7a,b3e7e1ce-dc21-41a1-a24a-99222f6e53f8
655,31,13b71402-f2cb-4aa3-9b17-639652e87ca8,379d55dc-9bbc-4aaf-b108-f0855fc758d5
480,32,13b71402-f2cb-4aa3-9b17-639652e87ca8,fc90f9cc-aee0-4526-893a-06098ef861c5
1760,32,82f57fc4-357f-49d3-af4b-e8bfb0a35210,1dda677d-a612-4545-85a1-358f37035de9
204,32,4507d98e-44d1-40ea-8733-8047738b9a7a,e949d91d-2873-47c6-a123-47bd598284ba
1762,33,4507d98e-44d1-40ea-8733-8047738b9a7a,1a6122e7-046a-45d1-80f1-6474db84e153
630,33,13b71402-f2cb-4aa3-9b17-639652e87ca8,0ddc59e9-4bc5-4000-bf00-eb2df0a2cffe
576,34,13b71402-f2cb-4aa3-9b17-639652e87ca8,5e80d0d1-7b85-41da-aa28-29af079e8963
1764,34,82f57fc4-357f-49d3-af4b-e8bfb0a35210,1c746133-ef84-4392-8a6f-255c520657b4
1763,34,4507d98e-44d1-40ea-8733-8047738b9a7a,9e21ab6a-f745-4fad-a550-b3cefb5958ed
1765,35,82f57fc4-357f-49d3-af4b-e8bfb0a35210,a14c1c6b-0a08-4369-9602-c799e2519696
533,35,13b71402-f2cb-4aa3-9b17-639652e87ca8,89cadf76-e6aa-4e05-908e-74e1e1d72eec
206,35,4507d98e-44d1-40ea-8733-8047738b9a7a,1f894bce-d651-41c2-b8b1-6eee6e135032
686,36,13b71402-f2cb-4aa3-9b17-639652e87ca8,0ca4f2ff-b65c-4884-bc9e-329500ff9dc2
1767,36,82f57fc4-357f-49d3-af4b-e8bfb0a35210,2aac5205-34d9-40e8-8f37-d24c0dfc5c52
1766,36,4507d98e-44d1-40ea-8733-8047738b9a7a,a2c243a6-6517-4033-b0de-85f4d4af7a10
1768,37,82f57fc4-357f-49d3-af4b-e8bfb0a35210,991bd921-f77b-477c-9913-54919afdb72f
207,37,4507d98e-44d1-40ea-8733-8047738b9a7a,8bdec27c-3437-440e-8862-d3312c5d89f0
526,37,13b71402-f2cb-4aa3-9b17-639652e87ca8,ed930cc5-0074-44ce-9ef4-f2682fde22f0
1769,38,4507d98e-44d1-40ea-8733-8047738b9a7a,82615276-558a-4e76-856e-b7ecbfe75172
515,38,13b71402-f2cb-4aa3-9b17-639652e87ca8,9b01dcea-622a-4a9b-b574-97d93e55ea93
1770,39,4507d98e-44d1-40ea-8733-8047738b9a7a,117737a3-c183-421f-8c43-97ddf50ac1d0
554,39,13b71402-f2cb-4aa3-9b17-639652e87ca8,3ba35124-1b67-405d-8399-4d6ce89274f0
599,40,13b71402-f2cb-4aa3-9b17-639652e87ca8,ac6a7c89-8978-48da-bfe9-131acb5dc69c
1771,40,4507d98e-44d1-40ea-8733-8047738b9a7a,3e00f1ce-96b8-4628-9521-dcaeb4d6fd40
208,41,4507d98e-44d1-40ea-8733-8047738b9a7a,eb22e87f-91a5-46b6-88e3-fe2c97c77c99
555,41,13b71402-f2cb-4aa3-9b17-639652e87ca8,8e81f290-c15e-4d31-9166-c87f573d15c9
682,42,13b71402-f2cb-4aa3-9b17-639652e87ca8,c5bf94e1-e59c-41e5-bec8-5ac68a9a81be
1772,42,4507d98e-44d1-40ea-8733-8047738b9a7a,887ad0a3-6c85-4bdc-a73c-40cf3e6b257b
210,43,4507d98e-44d1-40ea-8733-8047738b9a7a,1276702f-be28-4cb1-bb4b-bd185ce3af06
663,43,13b71402-f2cb-4aa3-9b17-639652e87ca8,ba5da7aa-2cfb-4caf-99ec-0321f66774e3
211,44,4507d98e-44d1-40ea-8733-8047738b9a7a,8687b258-2473-46b0-975e-44f29cdce5e3
465,44,13b71402-f2cb-4aa3-9b17-639652e87ca8,d3f251f9-02cd-47de-9035-fe6b0ae9ac4a
1773,45,4507d98e-44d1-40ea-8733-8047738b9a7a,a33f88ef-5a0e-40c7-94cf-14b3d401fcc9
545,45,13b71402-f2cb-4aa3-9b17-639652e87ca8,fb9867a0-7a2d-4e1b-81a4-a8562389aef0
694,46,13b71402-f2cb-4aa3-9b17-639652e87ca8,51cf5a6d-2b14-4518-b894-84c5647a8b00
1774,46,4507d98e-44d1-40ea-8733-8047738b9a7a,33a2f912-6b40-42c3-8a19-53a9aeed75eb
1775,47,4507d98e-44d1-40ea-8733-8047738b9a7a,9eeb1eea-bb83-4883-b058-ba46e805f4d0
449,48,13b71402-f2cb-4aa3-9b17-639652e87ca8,a7d1f0ee-d047-450b-8cc5-f16d8cd85f9a
1776,48,4507d98e-44d1-40ea-8733-8047738b9a7a,b0d116fc-5e7f-4066-8231-eec0f4c3314c
1777,49,4507d98e-44d1-40ea-8733-8047738b9a7a,59040a9c-c94e-4dd9-8392-39d03fcdd59b
651,49,13b71402-f2cb-4aa3-9b17-639652e87ca8,011623c5-bd7d-4848-9ba9-8d0bb24581f0
1778,50,4507d98e-44d1-40ea-8733-8047738b9a7a,e511ca09-d5c5-4343-94c0-3316dec48d92
481,50,13b71402-f2cb-4aa3-9b17-639652e87ca8,9a0582e7-4973-4f6d-934c-b62cb061ed07
1779,51,4507d98e-44d1-40ea-8733-8047738b9a7a,4b96a7e2-63e7-4608-baf8-b417d2e49209
595,51,13b71402-f2cb-4aa3-9b17-639652e87ca8,1c971a51-4b51-4cd5-a5b6-01f8337cc3af
1780,52,4507d98e-44d1-40ea-8733-8047738b9a7a,7b76318d-7aea-484b-9294-f2773c3125e1
615,52,13b71402-f2cb-4aa3-9b17-639652e87ca8,b4bcc825-3e6a-4492-907a-4d3da183a207
676,53,13b71402-f2cb-4aa3-9b17-639652e87ca8,da979f7f-b51a-40ac-9633-9d3f40f8eb13
1781,53,4507d98e-44d1-40ea-8733-8047738b9a7a,77aa1688-e854-4e0d-8629-023def93a863
1782,54,4507d98e-44d1-40ea-8733-8047738b9a7a,1888de98-5ffd-40a5-a9ea-a3e59cc2f276
487,54,13b71402-f2cb-4aa3-9b17-639652e87ca8,2a3d6002-7690-47a4-9491-e01f51eb61b0
489,55,13b71402-f2cb-4aa3-9b17-639652e87ca8,94abf15b-80ad-45df-b99a-70625d3c6af0
1783,55,4507d98e-44d1-40ea-8733-8047738b9a7a,c1c5baa2-5bb0-486d-afb2-ce4a77382b26
212,56,4507d98e-44d1-40ea-8733-8047738b9a7a,9eadd126-2ebf-47bb-a6de-54ade76ee7b2
531,56,13b71402-f2cb-4aa3-9b17-639652e87ca8,6cdd104e-eb79-4eba-b30d-0a92ad4b6423
583,57,13b71402-f2cb-4aa3-9b17-639652e87ca8,c77fd798-97b9-48e5-b3cf-ade23d6493ad
213,57,4507d98e-44d1-40ea-8733-8047738b9a7a,6df10c93-97c2-4186-8a3d-3e621ba755b2
597,58,13b71402-f2cb-4aa3-9b17-639652e87ca8,4aeafada-c3c0-47b0-be3c-c278df4dbede
1784,58,4507d98e-44d1-40ea-8733-8047738b9a7a,255bd9f5-9f0c-4cb8-b148-0f8f9497c878
645,59,13b71402-f2cb-4aa3-9b17-639652e87ca8,42ab6784-6377-4c20-afe1-426a4a1b3f6c
214,59,4507d98e-44d1-40ea-8733-8047738b9a7a,b0d8ab28-e562-40b8-ae9a-3511218e347c
675,60,13b71402-f2cb-4aa3-9b17-639652e87ca8,8f0eafe2-c440-4a7e-98b7-f5e6fe7332ff
215,60,4507d98e-44d1-40ea-8733-8047738b9a7a,2c9f9c28-79d6-4dad-ac84-d9a885b6319a
1785,61,4507d98e-44d1-40ea-8733-8047738b9a7a,d4cd5333-1293-4a35-8785-b4fff2f52691
658,61,13b71402-f2cb-4aa3-9b17-639652e87ca8,d44c7b58-de17-4d4e-84ff-f99c738f00fb
604,62,13b71402-f2cb-4aa3-9b17-639652e87ca8,2c4c77fe-a1ba-4a54-aafa-699a0f821be4
217,62,4507d98e-44d1-40ea-8733-8047738b9a7a,0ae9e6c0-e06e-46e5-9be1-99ae8e442a54
467,63,13b71402-f2cb-4aa3-9b17-639652e87ca8,e1de620b-45ea-462c-91a7-3e3d087167df
1786,63,4507d98e-44d1-40ea-8733-8047738b9a7a,f247eba4-41f2-46bb-ad5c-72477671d068
218,64,4507d98e-44d1-40ea-8733-8047738b9a7a,d3cd1e9a-3001-4391-8ae7-36aec8b00d2e
631,64,13b71402-f2cb-4aa3-9b17-639652e87ca8,864b264a-9a19-47af-a85c-bcb3d99d3124
581,65,13b71402-f2cb-4aa3-9b17-639652e87ca8,12a24cea-5e9a-46b8-9eb8-d284142cbf74
219,65,4507d98e-44d1-40ea-8733-8047738b9a7a,4967456a-3faf-40e7-9862-5c63e1d5636e
220,66,4507d98e-44d1-40ea-8733-8047738b9a7a,41f67807-38d9-4a64-9e78-3936c1887bfd
540,66,13b71402-f2cb-4aa3-9b17-639652e87ca8,bfb636ab-4809-4fda-81a9-e1899da615d8
221,67,4507d98e-44d1-40ea-8733-8047738b9a7a,8baef179-28a7-452b-a471-64c832e70e1b
564,67,13b71402-f2cb-4aa3-9b17-639652e87ca8,677710a6-1bb4-4f12-b3ed-3d3bfa01ab36
1787,68,4507d98e-44d1-40ea-8733-8047738b9a7a,d866fbe3-3385-4489-bb26-f7b0e61143cc
482,68,13b71402-f2cb-4aa3-9b17-639652e87ca8,2efad427-197e-4532-aac7-c56a7b5d9b54
1788,69,4507d98e-44d1-40ea-8733-8047738b9a7a,c8c9f6d0-e1cf-4d46-97e5-863c0bdaaff3
497,69,13b71402-f2cb-4aa3-9b17-639652e87ca8,2b57fbc8-6e76-4585-8e30-a8c46bbbb664
1789,70,4507d98e-44d1-40ea-8733-8047738b9a7a,0445340a-5155-45dd-93dc-4db044689572
520,70,13b71402-f2cb-4aa3-9b17-639652e87ca8,3285706a-d2d4-40d7-81ee-f9fbd1772bdf
513,71,13b71402-f2cb-4aa3-9b17-639652e87ca8,f30bcf6d-d1bd-42a6-844a-82eab8ae2dd2
222,71,4507d98e-44d1-40ea-8733-8047738b9a7a,0d5d6315-fac7-49ca-b3f2-437c315c11e4
1790,72,4507d98e-44d1-40ea-8733-8047738b9a7a,d6357c7b-2aed-4caf-927c-dbdc208e73df
500,72,13b71402-f2cb-4aa3-9b17-639652e87ca8,f9a70c3e-0a85-4266-b588-02ce23dd2b9a
505,73,13b71402-f2cb-4aa3-9b17-639652e87ca8,a3bf3a23-4e6a-4d60-af08-287b1954425d
1791,73,4507d98e-44d1-40ea-8733-8047738b9a7a,23e023a5-8dd1-4702-9185-d85d96ff9abf
224,74,4507d98e-44d1-40ea-8733-8047738b9a7a,b5f103f7-d512-412a-ab52-788453a134da
463,74,13b71402-f2cb-4aa3-9b17-639652e87ca8,45b967be-280a-4d5c-9b61-94f4e25ef161
1792,75,4507d98e-44d1-40ea-8733-8047738b9a7a,9d701d41-ef39-42e2-aef3-8626fee5100d
666,75,13b71402-f2cb-4aa3-9b17-639652e87ca8,20d2884c-c2e2-4808-abbc-c655bc81854b
225,76,4507d98e-44d1-40ea-8733-8047738b9a7a,4dc2d5ff-ccca-4a0c-805c-f851e3b1a134
648,76,13b71402-f2cb-4aa3-9b17-639652e87ca8,bab8c4e2-01b8-44c2-83b3-a1ba18be79b6
226,77,4507d98e-44d1-40ea-8733-8047738b9a7a,5f13f8fa-c0a2-450f-a17d-8b44d34a1850
503,77,13b71402-f2cb-4aa3-9b17-639652e87ca8,c5f78e8a-cffc-47d5-9984-491494410b7a
1793,78,4507d98e-44d1-40ea-8733-8047738b9a7a,bfba0beb-487a-4919-ac79-9320641ecbee
543,78,13b71402-f2cb-4aa3-9b17-639652e87ca8,722fbfd0-8c41-4c67-ad8a-5884619ae090
1794,79,4507d98e-44d1-40ea-8733-8047738b9a7a,075eb841-2cbf-4e24-9082-0c84e6c730a3
575,79,13b71402-f2cb-4aa3-9b17-639652e87ca8,4c83c534-3d12-480f-aa88-c0fe2a6c6b52
512,80,13b71402-f2cb-4aa3-9b17-639652e87ca8,7e5d2151-9b5c-41f6-97b5-df5349eac54b
227,80,4507d98e-44d1-40ea-8733-8047738b9a7a,e1046dae-82c8-4d6c-93a4-b126f6fcfbf9
445,81,13b71402-f2cb-4aa3-9b17-639652e87ca8,0cf58664-a73e-4b89-990f-d552911af702
1795,81,4507d98e-44d1-40ea-8733-8047738b9a7a,5caa649e-535a-48d7-ac8c-dcde5d8e9ac3
553,82,13b71402-f2cb-4aa3-9b17-639652e87ca8,ea94a1aa-b80d-4d2f-9cbc-5f63b9e378eb
228,82,4507d98e-44d1-40ea-8733-8047738b9a7a,da4c6b94-f422-4ed7-9f75-d9ccd577ccdd
229,83,4507d98e-44d1-40ea-8733-8047738b9a7a,64ada48b-a2b3-44bb-91da-9616f62f9493
664,83,13b71402-f2cb-4aa3-9b17-639652e87ca8,c5050d01-41b1-454d-83ad-542873399ec1
653,84,13b71402-f2cb-4aa3-9b17-639652e87ca8,b625d336-1da6-4905-b32b-fa9f2f4456a2
231,84,4507d98e-44d1-40ea-8733-8047738b9a7a,c8cfb28f-2d12-46e7-9bd0-e194f9e1e5dc
656,85,13b71402-f2cb-4aa3-9b17-639652e87ca8,b96141f9-e91a-4892-b5f2-324d77194782
1796,85,4507d98e-44d1-40ea-8733-8047738b9a7a,28438f9e-8ed5-4b2e-baca-e6eb3c747063
680,86,13b71402-f2cb-4aa3-9b17-639652e87ca8,0d577de6-f92a-4c62-9bef-1b356ab424ee
1797,86,4507d98e-44d1-40ea-8733-8047738b9a7a,70cfe38c-1056-4238-adea-d1879669c8ef
1798,87,4507d98e-44d1-40ea-8733-8047738b9a7a,cb969672-b274-447b-8e26-766a3f2176a7
678,87,13b71402-f2cb-4aa3-9b17-639652e87ca8,093c5955-7453-4558-906d-aacbbc90c145
565,88,13b71402-f2cb-4aa3-9b17-639652e87ca8,5cd38bcc-109c-4eb6-b52e-83f2256afbd5
1799,88,4507d98e-44d1-40ea-8733-8047738b9a7a,9ae7f19e-b9bb-4f6c-af00-f10ef5713268
441,89,13b71402-f2cb-4aa3-9b17-639652e87ca8,fab65a33-76ba-4b32-8559-ffde0da03a20
232,89,4507d98e-44d1-40ea-8733-8047738b9a7a,083cedc3-89ed-4029-b0ca-4e84cd4a2797
233,90,4507d98e-44d1-40ea-8733-8047738b9a7a,fb2dc7e1-442e-40df-899c-3ff1137792c6
446,90,13b71402-f2cb-4aa3-9b17-639652e87ca8,2f62e6a8-377c-4d81-864b-07a282b169b2
472,91,13b71402-f2cb-4aa3-9b17-639652e87ca8,984412cb-de8a-4a16-bab8-f96bc1a25fc0
1800,91,4507d98e-44d1-40ea-8733-8047738b9a7a,2237ece1-f4eb-4e5f-9806-a254912f5816
1801,92,4507d98e-44d1-40ea-8733-8047738b9a7a,35766e14-a2f9-4589-9f8d-7bf0e05578ac
491,92,13b71402-f2cb-4aa3-9b17-639652e87ca8,1be0259c-a32d-442e-a2cf-749a8e5e52a8
1802,93,4507d98e-44d1-40ea-8733-8047738b9a7a,8ffc8d77-b8ba-4a54-8e24-bf766b89cc0a
1839,93,13b71402-f2cb-4aa3-9b17-639652e87ca8,474498bf-305f-4d17-a023-fa547ff4ce02
1803,94,4507d98e-44d1-40ea-8733-8047738b9a7a,1b128f14-a11f-42d9-a48c-cea50bc56fef
613,94,13b71402-f2cb-4aa3-9b17-639652e87ca8,69f2375e-5a4a-41f1-a701-0b8301b09307
627,95,13b71402-f2cb-4aa3-9b17-639652e87ca8,5af7d1a3-55b3-46fd-932a-26d8d38c0752
1804,95,4507d98e-44d1-40ea-8733-8047738b9a7a,c7e8e38b-beda-4f9b-b14a-98a1fad4d6c8
644,96,13b71402-f2cb-4aa3-9b17-639652e87ca8,cbcd4eb3-e11a-4544-a929-546c420c2cf9
1805,96,4507d98e-44d1-40ea-8733-8047738b9a7a,af6e91fb-aea6-4ef6-99f1-e34bd07590f8
235,97,4507d98e-44d1-40ea-8733-8047738b9a7a,e3e1b9ee-1784-491b-8604-4a93b6f0c8a9
596,97,13b71402-f2cb-4aa3-9b17-639652e87ca8,37d3cab3-24a9-44c4-88a0-c394bb72423b
236,98,4507d98e-44d1-40ea-8733-8047738b9a7a,18110118-9e35-47d2-a62e-89f186fcb5ce
471,98,13b71402-f2cb-4aa3-9b17-639652e87ca8,eee9c593-0df0-4db7-8ab8-2a0dfcf1f27f
637,99,13b71402-f2cb-4aa3-9b17-639652e87ca8,fb348811-ed9f-4449-b3b3-af2786401b53
1806,99,4507d98e-44d1-40ea-8733-8047738b9a7a,6be491d2-5a72-4ecd-8fcc-be86f868aae5
237,100,4507d98e-44d1-40ea-8733-8047738b9a7a,45ec6dcb-466a-42b2-85df-01b56257cba1
611,100,13b71402-f2cb-4aa3-9b17-639652e87ca8,eefea7fd-e112-4cad-aefd-7f9f98ab3b87
462,101,13b71402-f2cb-4aa3-9b17-639652e87ca8,eaab8e04-ef0e-47f9-bb11-41c4f5dcc4ca
1807,101,4507d98e-44d1-40ea-8733-8047738b9a7a,110061a1-e67e-414a-a182-afe38c04e910
238,102,4507d98e-44d1-40ea-8733-8047738b9a7a,3cc7c1ce-b9cd-469c-a30a-9e00f221e1e5
691,102,13b71402-f2cb-4aa3-9b17-639652e87ca8,58393c34-370f-44b0-a977-c5dec5fc8e2c
1808,103,4507d98e-44d1-40ea-8733-8047738b9a7a,72c43b58-6fe1-4d2f-b06a-a08a33ca2b7d
649,103,13b71402-f2cb-4aa3-9b17-639652e87ca8,d88b5d3e-5374-46b2-953d-2d2d8561daff
239,104,4507d98e-44d1-40ea-8733-8047738b9a7a,27cf559c-b3ae-4153-ad12-dcebd8d93d26
514,104,13b71402-f2cb-4aa3-9b17-639652e87ca8,37027c51-98dd-449e-aabf-614a50409eb7
240,105,4507d98e-44d1-40ea-8733-8047738b9a7a,d71a7b04-8012-407f-95cb-1bc4b6193a73
593,105,13b71402-f2cb-4aa3-9b17-639652e87ca8,d176d318-5b7d-4b5b-a72c-049a3c15ee22
241,106,4507d98e-44d1-40ea-8733-8047738b9a7a,0d49c9e8-13c8-4973-bc15-c0b7708fe49c
639,106,13b71402-f2cb-4aa3-9b17-639652e87ca8,5fd0f2d8-409b-4368-8497-1d9a8685ce7f
1809,107,4507d98e-44d1-40ea-8733-8047738b9a7a,bcee72f7-6155-4c69-9ff4-0710f919864e
516,107,13b71402-f2cb-4aa3-9b17-639652e87ca8,4a703560-ecf5-4ae8-a7e2-028076ec3708
672,108,13b71402-f2cb-4aa3-9b17-639652e87ca8,9e6ce1cb-8bd4-4f9a-bbdd-361884aa442f
1810,108,4507d98e-44d1-40ea-8733-8047738b9a7a,f94eda9c-e73d-4f27-835f-d8418e181617
477,109,13b71402-f2cb-4aa3-9b17-639652e87ca8,09687def-9fb7-4fc0-96c5-ec959994c9fc
1811,109,4507d98e-44d1-40ea-8733-8047738b9a7a,12693e1a-2b69-4468-81f6-8f8f7e3da89d
625,110,13b71402-f2cb-4aa3-9b17-639652e87ca8,cf5d7790-a902-47fe-87b3-bc0a5e6411cd
1812,110,4507d98e-44d1-40ea-8733-8047738b9a7a,cdc67014-a56e-459a-870c-818d83dd3bc3
541,111,13b71402-f2cb-4aa3-9b17-639652e87ca8,1ea4f866-889f-4c18-ac30-2a0e034c547c
1813,111,4507d98e-44d1-40ea-8733-8047738b9a7a,66d5fe27-479d-450f-b0e4-c4ded057ce3e
1814,112,4507d98e-44d1-40ea-8733-8047738b9a7a,4b510eef-1960-4614-bede-55c74f44b2bf
1815,113,4507d98e-44d1-40ea-8733-8047738b9a7a,b6617be9-a5ef-42ac-98cb-24f266e139f7
640,113,13b71402-f2cb-4aa3-9b17-639652e87ca8,378f668b-85e2-46e9-b03b-f5a9694baea1
492,114,13b71402-f2cb-4aa3-9b17-639652e87ca8,ef38cac4-cb69-4d41-af63-8ba919cde2e1
242,114,4507d98e-44d1-40ea-8733-8047738b9a7a,3a469ccb-3233-4117-b004-656e8fa03deb
499,115,13b71402-f2cb-4aa3-9b17-639652e87ca8,dc4f7ca1-6772-46c4-8ae1-04437c3d17e9
1816,115,4507d98e-44d1-40ea-8733-8047738b9a7a,a6c3c748-dce4-4c03-ba27-073c6be7c32d
502,116,13b71402-f2cb-4aa3-9b17-639652e87ca8,2c31422d-505f-4e3c-a26f-ef56842b1a0c
243,116,4507d98e-44d1-40ea-8733-8047738b9a7a,76d372db-3fcb-4fb2-95d1-5da1e9922833
1817,117,4507d98e-44d1-40ea-8733-8047738b9a7a,8a48a7e6-bdf7-4706-8b59-31c8490042f2
577,117,13b71402-f2cb-4aa3-9b17-639652e87ca8,fea9d1b6-1f5e-4922-9021-8b620d506193
470,118,13b71402-f2cb-4aa3-9b17-639652e87ca8,2fee2aa4-3926-4434-8379-3ca7389f8804
244,118,4507d98e-44d1-40ea-8733-8047738b9a7a,c0038ca7-c669-49e6-8b85-f298f004f9a1
1818,119,4507d98e-44d1-40ea-8733-8047738b9a7a,7aed55ee-38ed-4f5a-b21b-55dd3c56b87d
1840,119,13b71402-f2cb-4aa3-9b17-639652e87ca8,7d13b2c7-d317-42d9-8a0d-d40072fe2cb9
601,120,13b71402-f2cb-4aa3-9b17-639652e87ca8,09e36914-a9bb-48fe-a3f9-336cc0b80afe
1819,120,4507d98e-44d1-40ea-8733-8047738b9a7a,011623c5-bd7d-4848-9ba9-8d0bb24581f0
246,121,4507d98e-44d1-40ea-8733-8047738b9a7a,29c4d65b-ac8c-4705-be0a-0833c37c979f
670,121,13b71402-f2cb-4aa3-9b17-639652e87ca8,4278013d-0002-413f-96c5-ab2f393ed0d2
247,122,4507d98e-44d1-40ea-8733-8047738b9a7a,c49ae915-2d99-44b5-bef8-a9d88028e589
1841,122,13b71402-f2cb-4aa3-9b17-639652e87ca8,1059b9a3-2188-4bad-b5e6-720c17add2ef
693,123,13b71402-f2cb-4aa3-9b17-639652e87ca8,07c82375-96cb-4e1d-8a0b-ed4cfe29f77b
248,123,4507d98e-44d1-40ea-8733-8047738b9a7a,480d01f6-c632-4b2f-9cbc-2378967e196a
1820,124,4507d98e-44d1-40ea-8733-8047738b9a7a,0816969a-c8cc-42b7-a479-2e9cc2361655
650,124,13b71402-f2cb-4aa3-9b17-639652e87ca8,8987b137-c0bc-41ca-8838-c06328d11f2c
590,125,13b71402-f2cb-4aa3-9b17-639652e87ca8,5d33f1c7-2932-4f9e-8f99-646ee42b2b0d
1821,125,4507d98e-44d1-40ea-8733-8047738b9a7a,41a7e863-6927-4bd8-b533-7b0012ca59e7
612,126,13b71402-f2cb-4aa3-9b17-639652e87ca8,2454c5f5-e96a-4b2d-a45d-4bb79b9de81a
1822,126,4507d98e-44d1-40ea-8733-8047738b9a7a,5827a7dc-7b82-46e5-a6cf-dab022ffc741
1823,127,4507d98e-44d1-40ea-8733-8047738b9a7a,d5d9cb56-0a9c-4780-87bb-1e2c4c76d967
632,127,13b71402-f2cb-4aa3-9b17-639652e87ca8,609ff412-7728-4cb3-b51e-4e33026ff8e8
1824,128,4507d98e-44d1-40ea-8733-8047738b9a7a,8e1d46d8-91f6-4373-b6c1-7cd49f07569b
468,128,13b71402-f2cb-4aa3-9b17-639652e87ca8,881e4b66-a1f0-4db0-97fe-04c807cd69ee
1825,129,4507d98e-44d1-40ea-8733-8047738b9a7a,3d1d0ff5-81b7-46f7-a4b8-be34b048a0a5
609,129,13b71402-f2cb-4aa3-9b17-639652e87ca8,8820e017-4cc6-4816-9f39-a3e5181f904b
250,130,4507d98e-44d1-40ea-8733-8047738b9a7a,beba2566-9423-4a50-937d-334cfcf8b9b7
573,130,13b71402-f2cb-4aa3-9b17-639652e87ca8,ff7de896-5252-477a-88f8-4ad5b89c7b3e
1826,131,4507d98e-44d1-40ea-8733-8047738b9a7a,566594ab-0f49-4a31-bab8-f1cdbca93e85
621,131,13b71402-f2cb-4aa3-9b17-639652e87ca8,1d578721-f86f-44fe-b199-2b1c17e0988b
1827,132,4507d98e-44d1-40ea-8733-8047738b9a7a,adbba86f-6de4-41b7-ac2b-9da8f2f32083
542,132,13b71402-f2cb-4aa3-9b17-639652e87ca8,e4fa38ad-d9be-491d-aa4f-ab8c602bf582
1828,133,4507d98e-44d1-40ea-8733-8047738b9a7a,e26803a9-8ee5-4442-a469-5a890fb7c5c9
485,133,13b71402-f2cb-4aa3-9b17-639652e87ca8,312ecd23-8956-4709-b8f3-8a333d51f8f3
251,134,4507d98e-44d1-40ea-8733-8047738b9a7a,4072ec7f-af25-455a-a9d7-b184c5e4b030
592,134,13b71402-f2cb-4aa3-9b17-639652e87ca8,e803d560-3358-44ce-8028-eda40a75681f
1829,135,4507d98e-44d1-40ea-8733-8047738b9a7a,590e1e63-7eca-4ce8-bebe-ded5df502ea8
448,135,13b71402-f2cb-4aa3-9b17-639652e87ca8,e7d18d68-4e90-465e-8e10-0e3b83c60661
1830,136,4507d98e-44d1-40ea-8733-8047738b9a7a,a9b6ef68-ba65-44ac-9466-d1ed88d1e489
1842,136,13b71402-f2cb-4aa3-9b17-639652e87ca8,9cce5810-9ab2-4ae5-8415-7995d8826d96
495,137,13b71402-f2cb-4aa3-9b17-639652e87ca8,6f727f3a-bc06-4ffc-ae61-f485ebd5e04e
1831,137,4507d98e-44d1-40ea-8733-8047738b9a7a,3b8a7e4a-4884-4f28-8fa5-3cf57f980117
685,138,13b71402-f2cb-4aa3-9b17-639652e87ca8,e132e9d3-824a-49db-a649-3147764b127c
252,138,4507d98e-44d1-40ea-8733-8047738b9a7a,da165973-9ac4-45ae-9865-08b2c9d2f1f7
677,139,13b71402-f2cb-4aa3-9b17-639652e87ca8,49794b3b-7dc8-4331-8bb9-0f96017456ce
1832,139,4507d98e-44d1-40ea-8733-8047738b9a7a,abd88a2d-311f-4f15-95cb-2092bcf98ae9
1833,140,4507d98e-44d1-40ea-8733-8047738b9a7a,b339be33-b6bb-421a-adc5-93cfcbe9d7e8
456,140,13b71402-f2cb-4aa3-9b17-639652e87ca8,1da4919f-9e2a-44d6-bd38-aae776e8344f
254,141,4507d98e-44d1-40ea-8733-8047738b9a7a,d3bbc0e6-22a8-4deb-936c-6ff60b5fe8e2
442,141,13b71402-f2cb-4aa3-9b17-639652e87ca8,406b8f52-9478-435d-a404-9f764bfd2c28
1834,142,4507d98e-44d1-40ea-8733-8047738b9a7a,22c40dda-d866-4067-ac76-ff25b100913d
547,142,13b71402-f2cb-4aa3-9b17-639652e87ca8,943b4a6b-c528-4719-8f27-c75aadb7c1d6
578,143,13b71402-f2cb-4aa3-9b17-639652e87ca8,02e961ec-4609-4ea5-bf2b-90a47fb6f20d
255,143,4507d98e-44d1-40ea-8733-8047738b9a7a,61c33efe-13c1-499d-94ba-fec14731f79b
1835,144,4507d98e-44d1-40ea-8733-8047738b9a7a,0a87bef7-a343-4e78-8cbf-a68a9dbefa5b
560,144,13b71402-f2cb-4aa3-9b17-639652e87ca8,5ca4916b-2464-4613-9d56-17b5211ff85b
1836,145,4507d98e-44d1-40ea-8733-8047738b9a7a,6abe8f00-2c19-425b-8204-5bf5afaa9555
654,145,13b71402-f2cb-4aa3-9b17-639652e87ca8,6955e093-4b08-4401-b1a6-cf721295055e
1837,146,4507d98e-44d1-40ea-8733-8047738b9a7a,b2702b5f-e96a-4029-aa2b-0e33319e66ad
669,146,13b71402-f2cb-4aa3-9b17-639652e87ca8,c8b1c84d-5d50-444d-99fe-cdfd78476a55
569,147,13b71402-f2cb-4aa3-9b17-639652e87ca8,5d6c1beb-6882-4977-8568-3d7fced6e26d
253,147,4507d98e-44d1-40ea-8733-8047738b9a7a,10a4aae5-e2d9-4168-bb9c-d471adcd782c
556,148,13b71402-f2cb-4aa3-9b17-639652e87ca8,5543956f-39bf-41cf-8fe6-4ab41d39ee7b
245,148,4507d98e-44d1-40ea-8733-8047738b9a7a,9dfaea63-bfce-4b46-954e-025a0fb64aa5
1843,149,13b71402-f2cb-4aa3-9b17-639652e87ca8,142f6aab-15bf-4115-a37e-76953d37a4af
629,150,13b71402-f2cb-4aa3-9b17-639652e87ca8,97b3938e-31bd-4d41-9b8e-6b8be5bbe652
452,151,13b71402-f2cb-4aa3-9b17-639652e87ca8,bd090dd4-a1b2-4445-9f93-f68e9d324c16
558,152,13b71402-f2cb-4aa3-9b17-639652e87ca8,d7b811fd-e7bc-47b9-acd2-9a8ed663dd26
455,153,13b71402-f2cb-4aa3-9b17-639652e87ca8,862bcee2-c257-4b49-b7d1-71f73c029ea7
619,154,13b71402-f2cb-4aa3-9b17-639652e87ca8,762d649c-4a7b-49fc-b00b-1178f14718a1
466,155,13b71402-f2cb-4aa3-9b17-639652e87ca8,a3cb96dd-425f-4a62-9df4-38930f40a7ca
634,156,13b71402-f2cb-4aa3-9b17-639652e87ca8,f24e8fa7-1fb1-4355-af19-7116d3be5a5e
508,157,13b71402-f2cb-4aa3-9b17-639652e87ca8,a27a6239-3f2b-435c-bc84-5a4371340f85
530,158,13b71402-f2cb-4aa3-9b17-639652e87ca8,d3a2d225-c380-4078-b8f7-d1e5d38d7e8f
683,159,13b71402-f2cb-4aa3-9b17-639652e87ca8,f8f71b90-9862-4b1b-b774-5c1d449ad78a
598,160,13b71402-f2cb-4aa3-9b17-639652e87ca8,6bebbb69-28e3-4414-a540-d9706fcdcc97
552,161,13b71402-f2cb-4aa3-9b17-639652e87ca8,158318c3-43eb-4fa5-938a-b96286e6fd04
551,162,13b71402-f2cb-4aa3-9b17-639652e87ca8,40d3b563-556a-4bcc-89c6-7402d5af067d
523,163,13b71402-f2cb-4aa3-9b17-639652e87ca8,5cb30320-44e8-4578-92eb-c08ef1e38e48
567,164,13b71402-f2cb-4aa3-9b17-639652e87ca8,594447b9-975c-4ccd-ad6d-86360e04903b
652,165,13b71402-f2cb-4aa3-9b17-639652e87ca8,e9c9946e-e0a9-4c65-bbda-0ea73fb31d94
624,166,13b71402-f2cb-4aa3-9b17-639652e87ca8,87bbed7f-285e-41c2-852a-aa7001bf4a5c
610,167,13b71402-f2cb-4aa3-9b17-639652e87ca8,ec60c61e-d773-4b73-ae62-2cb44a75d929
447,168,13b71402-f2cb-4aa3-9b17-639652e87ca8,1c571ccf-d3db-4a9c-93a0-0d5f1c830217
517,169,13b71402-f2cb-4aa3-9b17-639652e87ca8,e8217bb3-f6d3-4975-a2bb-e20634d5f7ad
440,170,13b71402-f2cb-4aa3-9b17-639652e87ca8,b84a21c1-6b9b-4462-97fd-b83484265930
557,171,13b71402-f2cb-4aa3-9b17-639652e87ca8,eee28dd3-e518-42c8-ab4c-bc3bdaac41a2
574,172,13b71402-f2cb-4aa3-9b17-639652e87ca8,acddd640-35dc-4e70-bfff-f3727326d369
605,173,13b71402-f2cb-4aa3-9b17-639652e87ca8,21e5b374-c27e-4218-9d60-451de6cd83da
474,174,13b71402-f2cb-4aa3-9b17-639652e87ca8,30e5c9a2-d541-4be1-b2b9-917eb0f68d55
667,175,13b71402-f2cb-4aa3-9b17-639652e87ca8,229640d3-19aa-4213-9117-a43634c651a8
646,176,13b71402-f2cb-4aa3-9b17-639652e87ca8,9826302b-0287-48ae-8d69-b0701313722d
549,177,13b71402-f2cb-4aa3-9b17-639652e87ca8,b7539985-5142-405b-ba2b-3085774b7799
681,178,13b71402-f2cb-4aa3-9b17-639652e87ca8,cf20aa4e-9077-4ea3-b646-fd23e7e72602
587,179,13b71402-f2cb-4aa3-9b17-639652e87ca8,cc0386be-5dca-4b01-8840-a325d6360d03
671,180,13b71402-f2cb-4aa3-9b17-639652e87ca8,1b89c0d8-910f-4caa-86fd-49277c0486ba
657,181,13b71402-f2cb-4aa3-9b17-639652e87ca8,5a04cbb8-6a73-47d2-8094-bb4cba867127
660,182,13b71402-f2cb-4aa3-9b17-639652e87ca8,6cafe591-0018-4df8-8fc9-a7e1299a3713
563,183,13b71402-f2cb-4aa3-9b17-639652e87ca8,1b1a412d-3140-4bb7-822a-4c6149b9f8cd
461,184,13b71402-f2cb-4aa3-9b17-639652e87ca8,e66796dd-85e8-4b14-ae3f-1f2c948e96ca
668,185,13b71402-f2cb-4aa3-9b17-639652e87ca8,a870445d-e24e-418a-b43a-7423f00c72f8
458,186,13b71402-f2cb-4aa3-9b17-639652e87ca8,2eb3146b-84a8-4782-93e0-f9d1f9622e26
570,187,13b71402-f2cb-4aa3-9b17-639652e87ca8,b8563229-44ab-4073-8e88-24bc02723a65
628,188,13b71402-f2cb-4aa3-9b17-639652e87ca8,0a87bef7-a343-4e78-8cbf-a68a9dbefa5b
464,189,13b71402-f2cb-4aa3-9b17-639652e87ca8,b624eb37-c9b7-4b25-8f34-74b3959b89f5
582,190,13b71402-f2cb-4aa3-9b17-639652e87ca8,d4259f5b-5cfd-4455-8184-cea714d8d8fe
450,191,13b71402-f2cb-4aa3-9b17-639652e87ca8,bfa2c4ed-f5cc-48d1-93b4-a91a9a6b7f85
607,192,13b71402-f2cb-4aa3-9b17-639652e87ca8,92c0080f-1951-4a22-a6ea-2a8a2ef0381b
674,193,13b71402-f2cb-4aa3-9b17-639652e87ca8,3655a0ec-f956-4cc6-af5b-d6a6b19085d1
498,194,13b71402-f2cb-4aa3-9b17-639652e87ca8,82615276-558a-4e76-856e-b7ecbfe75172
679,195,13b71402-f2cb-4aa3-9b17-639652e87ca8,0e3d5eb3-2188-48e2-beda-cbb656401129
507,196,13b71402-f2cb-4aa3-9b17-639652e87ca8,98dd4738-76a4-4bdb-bca9-e3dc7ebef0e7
1844,197,13b71402-f2cb-4aa3-9b17-639652e87ca8,9dfdd6b2-aa2e-4b86-a26d-ea29d946b991
550,198,13b71402-f2cb-4aa3-9b17-639652e87ca8,b851fd8d-9d83-4421-822a-9c1f03e1b0cb
562,199,13b71402-f2cb-4aa3-9b17-639652e87ca8,fd7c284e-da0c-4b24-a36c-eb975b12fb14
527,200,13b71402-f2cb-4aa3-9b17-639652e87ca8,55f6778b-9e0e-48c9-980b-bb9049fab2f8
584,201,13b71402-f2cb-4aa3-9b17-639652e87ca8,e0dfab56-e527-48e6-b525-e86863dded14
453,202,13b71402-f2cb-4aa3-9b17-639652e87ca8,9376d2eb-271b-4231-b956-0ec54436fdcd
475,203,13b71402-f2cb-4aa3-9b17-639652e87ca8,a873cf08-3da2-4039-916c-3bcc13fefdb7
687,204,13b71402-f2cb-4aa3-9b17-639652e87ca8,0cd89d9a-42c0-4956-8412-938760251bf1
622,205,13b71402-f2cb-4aa3-9b17-639652e87ca8,afca228c-46aa-42a2-9e63-fa9d0455020f
473,206,13b71402-f2cb-4aa3-9b17-639652e87ca8,07e65f4b-c981-4408-81d4-4a3e5f874211
559,207,13b71402-f2cb-4aa3-9b17-639652e87ca8,8247cb77-d6b3-46f0-bafb-efaa38b6e32e
483,208,13b71402-f2cb-4aa3-9b17-639652e87ca8,cd2b2bab-14a5-45d2-90e8-fa7751a9d741
532,209,13b71402-f2cb-4aa3-9b17-639652e87ca8,64abb887-2274-489b-9924-2edf69e14e5c
511,210,13b71402-f2cb-4aa3-9b17-639652e87ca8,e9ddb14c-b566-4f4e-9cde-6359db8f751c
586,211,13b71402-f2cb-4aa3-9b17-639652e87ca8,a75d6183-fe00-4b00-a6a3-ce4d52fe52e1
579,212,13b71402-f2cb-4aa3-9b17-639652e87ca8,0c627641-eb5f-44be-aa9c-0cb5aaeaab58
673,213,13b71402-f2cb-4aa3-9b17-639652e87ca8,b6947c2d-4bf7-4c00-8653-ed617eaa8870
589,215,13b71402-f2cb-4aa3-9b17-639652e87ca8,c6b0eed2-1013-4dd2-a441-d0dc799341db
496,216,13b71402-f2cb-4aa3-9b17-639652e87ca8,72dd0b19-36e6-4dff-b4c4-37f6e1e0b072
635,217,13b71402-f2cb-4aa3-9b17-639652e87ca8,c048ce91-3977-407d-b4d5-8a788bd44478
591,218,13b71402-f2cb-4aa3-9b17-639652e87ca8,8bf5c68b-3c6e-4696-99de-f50e5fa83a80
571,219,13b71402-f2cb-4aa3-9b17-639652e87ca8,86cbd127-9eee-4dfb-ba78-32115ab8ac3f
603,220,13b71402-f2cb-4aa3-9b17-639652e87ca8,5b0cdd2a-c355-4145-875d-a3dc7c5069a4
638,221,13b71402-f2cb-4aa3-9b17-639652e87ca8,7ebcbe3c-82af-40e6-985c-bbf3d7e8d57a
662,222,13b71402-f2cb-4aa3-9b17-639652e87ca8,1772cce4-923c-49c3-98a7-d43f12439ee6
522,223,13b71402-f2cb-4aa3-9b17-639652e87ca8,de71012b-2f50-4143-82e8-d45ce6b44bdb
606,224,13b71402-f2cb-4aa3-9b17-639652e87ca8,583a36cf-21a7-4639-b54f-6ba23e043c8a
688,225,13b71402-f2cb-4aa3-9b17-639652e87ca8,fe8eee07-84fd-4009-9b91-a8daed612b0d
641,226,13b71402-f2cb-4aa3-9b17-639652e87ca8,2563df70-29b3-4d20-9a30-545a167b6a41
443,227,13b71402-f2cb-4aa3-9b17-639652e87ca8,6b9c0744-047d-443e-a06a-69d8e272a610
518,228,13b71402-f2cb-4aa3-9b17-639652e87ca8,bf55088e-5461-4ca3-a827-7df717543afd
588,229,13b71402-f2cb-4aa3-9b17-639652e87ca8,88bc4069-7790-490d-a4a8-6a4c2c23b51b
494,230,13b71402-f2cb-4aa3-9b17-639652e87ca8,c7352fd3-d447-4964-b23b-45c7921ea04b
479,231,13b71402-f2cb-4aa3-9b17-639652e87ca8,bafb8e18-e079-4890-9b97-4fcf0b77f90b
594,232,13b71402-f2cb-4aa3-9b17-639652e87ca8,35242c52-d20b-41d3-bae1-ef853bc3a7ec
643,233,13b71402-f2cb-4aa3-9b17-639652e87ca8,bd2c7362-5aea-4092-a1a5-68bd232f586e
454,234,13b71402-f2cb-4aa3-9b17-639652e87ca8,9bf176e1-07ac-4e04-9cdc-ac37826c473d
661,235,13b71402-f2cb-4aa3-9b17-639652e87ca8,89f96fcf-d4dc-44be-a3ed-a633589b7136
544,236,13b71402-f2cb-4aa3-9b17-639652e87ca8,22d6b661-b2b1-4618-a794-1887a35f0d78
692,237,13b71402-f2cb-4aa3-9b17-639652e87ca8,a9e3a41d-3216-4e8a-998f-b2e1d1a75862
525,238,13b71402-f2cb-4aa3-9b17-639652e87ca8,a4fe6879-c2c2-4cb0-8851-2fb2cd772eba
504,239,13b71402-f2cb-4aa3-9b17-639652e87ca8,05b3b114-ea84-41c7-92db-27ac30922bc1
548,240,13b71402-f2cb-4aa3-9b17-639652e87ca8,822fcd2f-13de-4fad-9a93-bea37e2efad4
486,241,13b71402-f2cb-4aa3-9b17-639652e87ca8,df91143d-57e5-4d94-acbc-c7d194209160
623,242,13b71402-f2cb-4aa3-9b17-639652e87ca8,dda104f3-38b3-40c5-b03b-ce41b037a64c
689,243,13b71402-f2cb-4aa3-9b17-639652e87ca8,cb0d4784-502b-4139-8f50-d198038fd66e
616,244,13b71402-f2cb-4aa3-9b17-639652e87ca8,8c770ef1-adc2-4c20-9603-d1ba1367b03d
684,245,13b71402-f2cb-4aa3-9b17-639652e87ca8,947d886a-aa96-445c-bd67-13ac17588839
476,246,13b71402-f2cb-4aa3-9b17-639652e87ca8,2fce0bfb-8b67-4290-b4c0-28a0e78db377
469,247,13b71402-f2cb-4aa3-9b17-639652e87ca8,b590fe84-d0e5-45c9-8cb2-ac973cdda47f
617,248,13b71402-f2cb-4aa3-9b17-639652e87ca8,d7835165-2981-4bf6-b4b3-9b608f239da0
510,249,13b71402-f2cb-4aa3-9b17-639652e87ca8,950770de-e264-4ccb-b576-c8ca55dc6cc2
493,250,13b71402-f2cb-4aa3-9b17-639652e87ca8,d72c8def-f0ad-4a42-95dd-0ec8f9b9af01
457,251,13b71402-f2cb-4aa3-9b17-639652e87ca8,5d131d3e-c254-4ce8-a1c8-82507ca1ff99
546,252,13b71402-f2cb-4aa3-9b17-639652e87ca8,7448f385-5f7f-4543-be58-4fd4985d2672
636,253,13b71402-f2cb-4aa3-9b17-639652e87ca8,d11f1d5d-28a4-413e-9fb1-59b062197c1d
444,254,13b71402-f2cb-4aa3-9b17-639652e87ca8,d0df2dbe-63d2-4639-8772-d9a390ba463b
509,255,13b71402-f2cb-4aa3-9b17-639652e87ca8,2fa50d70-2e6e-403d-9397-3e4de603d2a1
1845,256,13b71402-f2cb-4aa3-9b17-639652e87ca8,66e7f688-bc10-4583-9747-0432b5a2e749
519,257,13b71402-f2cb-4aa3-9b17-639652e87ca8,c8ec2092-310b-42a7-b35e-766106be0c83
620,258,13b71402-f2cb-4aa3-9b17-639652e87ca8,27c7edae-7798-4f0e-803b-5371c689a745
626,259,13b71402-f2cb-4aa3-9b17-639652e87ca8,018c2daf-2faf-479b-97c0-7605114a577a
690,260,13b71402-f2cb-4aa3-9b17-639652e87ca8,8ee66668-5011-4f57-bb4a-1a20cb93eabc
1846,261,13b71402-f2cb-4aa3-9b17-639652e87ca8,40c2afb0-dfef-4be8-9ac7-12a046cb71c6
602,262,13b71402-f2cb-4aa3-9b17-639652e87ca8,94bf8cf1-c688-4e55-89fb-33579199eed0
1861,1,80c6de8f-a5f2-4897-9ca8-593d8a126590,8daafb09-ed7f-4dd1-adb9-728d7d207a2e
1862,1,3fddfda7-5eca-4501-839e-765eb49a8c1b,3ceb4f3c-777c-4ae9-89cb-7e10e207f14f
1863,1,e8b6fe34-d598-4d53-86d0-288bc004c3e7,dd77b0be-c31d-4319-a8d4-1ee118c9dbc7
1864,1,337266f5-46b2-4abc-8b87-5555fe336f79,dd77b0be-c31d-4319-a8d4-1ee118c9dbc7
1865,1,639f0d69-543d-477f-be0f-764e9a5f08a3,b7f9987d-148a-4537-b156-5f51eefe1496
1866,1,e2ca7d39-4fae-4ced-9dc2-b2593241b407,14ec64a5-5367-4150-a443-1ce5e3197c04
1867,1,c5b93d11-92e0-46cd-8616-427edce159d2,8beecaf9-87e9-4986-8f95-ac151ab134e3
1868,1,52d61c70-77fd-4c4a-aae8-f4e24dde6de8,5ad02ec8-03db-40ed-98bb-226d4eca6060
1869,1,aff43790-897a-49b4-a4c6-f3506a6c4858,abf59bde-fa61-4373-a1d1-75394fd7dd2b
1870,1,639d2860-fa67-457c-af68-46b6b392fc74,dd77b0be-c31d-4319-a8d4-1ee118c9dbc7
1871,1,2bccae2a-78df-4ce5-b6b3-40afea73fe4d,dd77b0be-c31d-4319-a8d4-1ee118c9dbc7
1872,1,9c1d2774-3eeb-4b72-bd48-fa7eb5c5e39e,dd77b0be-c31d-4319-a8d4-1ee118c9dbc7
1873,1,62ac1496-2c4b-4d93-95f0-7ee39deeb0ea,dd77b0be-c31d-4319-a8d4-1ee118c9dbc7
1874,1,11cb7b68-cfe7-4d6c-84ed-af5ab071e74c,83be1bd8-e308-46dc-bd46-f4e707318ed5
1875,1,db2bcb8a-c799-4233-9699-dea23b975972,2ca7fe23-88b3-4fc6-bee0-b47631ee462e
1876,1,e211347f-4b04-4765-a230-295f366390d1,6ae49248-8098-439a-ae7a-45a223357615
1877,1,ff74234b-46ca-4d5a-9008-fd9e3643f565,43bc9933-0232-4f37-bfb2-2275b8f2e103
1878,2,80c6de8f-a5f2-4897-9ca8-593d8a126590,58beaf41-3b61-454f-ad43-0c6dd9142ee9
1879,2,68f29968-0830-437d-a249-ba47ac22b0b4,d481892b-2d3f-4493-a2ae-82d36e99d481
1880,2,11cb7b68-cfe7-4d6c-84ed-af5ab071e74c,88a34c1d-7084-4822-9313-52bd15051759
1881,2,81ad4d3f-39de-43d3-b4ec-45953b21ec71,7b49183a-7cfc-47cb-a25f-0cd09583f459
1882,2,639f0d69-543d-477f-be0f-764e9a5f08a3,67595557-e4ed-4fc3-ac16-bf1d7d5d3884
1883,2,ad9602aa-4d82-4f9f-9ef5-053f92f2c9ff,481229d7-54be-4f5a-9b10-634cb08c6838
1884,2,428a1d93-e1a5-407b-90a4-9bb2b85e39ec,03a8d704-8e1c-495c-89d8-43a39d22d4e4
1885,2,2fd43ecd-9910-48f4-bf08-f07a4445cdf2,df8198eb-f234-4880-83f9-15cffaf3f83f
1886,2,aebd4757-08dc-4ca0-be33-aa85171de59d,a47b5e0c-aa6c-43d9-8337-2f0d8d8c48ae
1887,2,52d61c70-77fd-4c4a-aae8-f4e24dde6de8,07d3914b-ed74-4148-86cf-4bbafd446a86
1888,3,cf802366-d886-45a5-bd49-2566521a4bbe,008daee1-7389-416b-8a90-c6573f4e126b
1889,3,fd58b98f-87d6-441b-bec8-aa79752f3c5e,c3a4ae2a-061f-45a7-a0e5-987313eccc5f
1890,3,54da66af-5ce4-4975-8560-258824988821,549a0d09-9617-4616-bb8c-04a80fc4a39b
1891,3,f2cb2434-7d2e-4d87-8b97-6546d4931b29,2b269689-bf8c-4b7b-adc0-69537b6b2b3e
1892,3,68f29968-0830-437d-a249-ba47ac22b0b4,e1046dae-82c8-4d6c-93a4-b126f6fcfbf9
1893,3,37a18000-2d1f-41db-afe6-6545f817bcb7,9ae41442-5746-49b5-a534-920dbd631231
1894,3,6adc2c82-61b3-41b4-89ca-62862bfe9b9f,376c816e-3eea-4ecd-b7bc-4fb3d7412002
1895,3,c9f100c2-e502-4a61-94d5-87ae0f4d3646,a3bf3a23-4e6a-4d60-af08-287b1954425d
1896,3,80c6de8f-a5f2-4897-9ca8-593d8a126590,d5d64122-2340-40b6-a958-84a4165244c5
1897,3,52d61c70-77fd-4c4a-aae8-f4e24dde6de8,6ca4af06-1eb0-4bf4-82f2-ebcfd19d7fd5
1898,3,dda4b683-307d-4145-b75c-59f61c442484,416cbbab-8e0d-4f74-bc37-9ec1bceba723
1899,3,aebd4757-08dc-4ca0-be33-aa85171de59d,fbed1404-f77c-4223-9c12-08f6e84ae07d
1900,3,2fd43ecd-9910-48f4-bf08-f07a4445cdf2,62998f92-4bae-4a93-8401-b6904bcb950f
1901,3,428a1d93-e1a5-407b-90a4-9bb2b85e39ec,5d6003b0-165b-4c03-96a2-1ee59884ad47
1902,3,639f0d69-543d-477f-be0f-764e9a5f08a3,5d70ccb8-7df8-4471-af32-a3b7ac93be54
1903,4,54da66af-5ce4-4975-8560-258824988821,f411f27e-f184-40a4-910a-ee57bccf61ea
1904,4,a7f6fd15-9b3c-4cae-a029-0da92222f465,9e38bfeb-0d87-4585-a031-640e4e4dade6
1905,4,f2cb2434-7d2e-4d87-8b97-6546d4931b29,d21cc6a1-62ba-4a68-9121-565a71ddb66a
1906,4,68f29968-0830-437d-a249-ba47ac22b0b4,3285706a-d2d4-40d7-81ee-f9fbd1772bdf
1907,4,6adc2c82-61b3-41b4-89ca-62862bfe9b9f,a417742f-8f4e-46ee-b076-bf37e1eaa02e
1908,4,37a18000-2d1f-41db-afe6-6545f817bcb7,ca0cd578-c5c4-4d28-939f-fb76bac823bc
1909,4,18ff9253-b11c-4ffa-9c3b-4b167c9f8cf2,e79e10b2-1839-414a-ae14-597d36cc61e0
1910,4,3f058476-5010-48f4-9bd9-e27648d2ecea,1b93eb1a-0900-4cfe-a198-59b499690553
1911,4,db2bcb8a-c799-4233-9699-dea23b975972,cef04c28-7cd5-4491-9378-565f2a75c5c8
1912,4,ac6f7ea3-062c-442f-abf9-9732a88fcc6b,aacd6651-4533-4b3e-a7de-b1c4c917f77a
1913,4,52d61c70-77fd-4c4a-aae8-f4e24dde6de8,4ee7c972-9dac-4084-a89b-1c0b26598e18
1914,4,428a1d93-e1a5-407b-90a4-9bb2b85e39ec,072ae84a-9650-4234-b0b2-63f5655f0754
1915,4,aebd4757-08dc-4ca0-be33-aa85171de59d,6988ed7d-a3fa-4b49-a98c-e46e32be1273
1916,4,80c6de8f-a5f2-4897-9ca8-593d8a126590,02d434bf-e3b8-47a8-983f-475a4d8564c2
1917,5,54da66af-5ce4-4975-8560-258824988821,ecfbe21a-6530-4caa-8e13-d2f27809911b
1918,5,ad9602aa-4d82-4f9f-9ef5-053f92f2c9ff,2546bdc4-7b3e-4696-9665-6af56cde5284
1919,5,428a1d93-e1a5-407b-90a4-9bb2b85e39ec,71de82b5-5bb1-48f0-b4d1-7a66da8e1d3e
1920,5,aebd4757-08dc-4ca0-be33-aa85171de59d,4ee7c972-9dac-4084-a89b-1c0b26598e18
1921,5,18ff9253-b11c-4ffa-9c3b-4b167c9f8cf2,4176b030-f090-4bf4-a3b0-b2adeb4075b6
1922,5,68f29968-0830-437d-a249-ba47ac22b0b4,815abe08-e75b-4c4c-9750-9f4d1ed4aeaa
1923,5,dda4b683-307d-4145-b75c-59f61c442484,565989e8-4e14-4d35-982d-8eb9c4cc38d7
1924,5,6adc2c82-61b3-41b4-89ca-62862bfe9b9f,77a38114-57a0-4489-b36b-e12cdd163923
1925,5,c9f100c2-e502-4a61-94d5-87ae0f4d3646,81a1f63e-9702-4ac4-96ae-e8ed82ed41fb
1926,5,52d61c70-77fd-4c4a-aae8-f4e24dde6de8,a38b15e9-a0ab-4088-b083-89ed3ca70e26
1927,6,aebd4757-08dc-4ca0-be33-aa85171de59d,655424f5-b0b1-4c19-b9ee-f0924b385a2c
1928,6,110491fc-f060-4b9d-ab2c-bb0806824948,9bd994c7-abf7-4ec6-a03c-f28576730cab
1929,6,68f29968-0830-437d-a249-ba47ac22b0b4,2c31422d-505f-4e3c-a26f-ef56842b1a0c
1930,6,54da66af-5ce4-4975-8560-258824988821,68ad6489-59ee-4275-9159-d7d4975e22d8
1931,6,6adc2c82-61b3-41b4-89ca-62862bfe9b9f,34f94fb2-6cec-4c4f-8890-e5539c1f2226
1932,6,52d61c70-77fd-4c4a-aae8-f4e24dde6de8,8b494ab8-22a3-4d42-8416-69965f357616
1933,6,428a1d93-e1a5-407b-90a4-9bb2b85e39ec,ba16f5a9-5db6-41bf-b35c-d2f651c8aaed
1934,7,68f29968-0830-437d-a249-ba47ac22b0b4,9a38e66a-fa96-4b83-aa1e-d6621e936a94
1935,7,a74cb76b-da08-4412-817f-3240e52c5dde,de7c0779-16ad-4710-83fe-433ebcb2b5c7
1936,7,52d61c70-77fd-4c4a-aae8-f4e24dde6de8,165a7ee5-fe5c-43b6-ab2a-a607623c326d
1937,7,e211347f-4b04-4765-a230-295f366390d1,6fbd29df-80c1-40f8-b627-a652e7e03c67
1938,7,dda4b683-307d-4145-b75c-59f61c442484,053abce3-c2ae-4ce7-8627-0b4d2af92ef6
1939,7,aebd4757-08dc-4ca0-be33-aa85171de59d,6696426d-f68d-4eed-8cf0-6aa98d2835f5
1940,7,54da66af-5ce4-4975-8560-258824988821,66e27c1a-8456-4fea-8f97-96d9b1a3fe98
1941,7,52e4975a-0d6d-4bb0-91a3-862f8e113091,26a535fa-7ec6-4289-b24d-d4b721d1acbc
1942,8,8e349bce-5860-4c0b-9ee9-ebb684574262,f5d3afdc-47a9-485c-948d-c5dccd9c2422
1943,8,110491fc-f060-4b9d-ab2c-bb0806824948,b851fd8d-9d83-4421-822a-9c1f03e1b0cb
1944,8,68f29968-0830-437d-a249-ba47ac22b0b4,76d584d3-0006-423c-bfe2-03e6ed7bee2b
1945,8,37a18000-2d1f-41db-afe6-6545f817bcb7,09e36914-a9bb-48fe-a3f9-336cc0b80afe
1946,8,aebd4757-08dc-4ca0-be33-aa85171de59d,8b35594e-5e1b-4b24-b22a-9a1f1fed9a99
1947,8,52d61c70-77fd-4c4a-aae8-f4e24dde6de8,7c14aed2-dcbf-40d2-9d85-ea54d3653bf4
1948,8,dab7d824-81ec-49ba-911a-b3d081469a84,2c9070c2-478e-4e95-b154-ee76956ef5c8
1949,8,18ff9253-b11c-4ffa-9c3b-4b167c9f8cf2,bac6bfa0-d1f3-477c-ab87-ee6e878119a7
1950,8,a74cb76b-da08-4412-817f-3240e52c5dde,083cedc3-89ed-4029-b0ca-4e84cd4a2797
1951,9,52d61c70-77fd-4c4a-aae8-f4e24dde6de8,fe24f018-b9da-4861-bbd2-0ae1c604112f
1952,9,dda4b683-307d-4145-b75c-59f61c442484,27a7c7eb-4c7e-4e34-8295-5abd850ac58a
1953,9,18ff9253-b11c-4ffa-9c3b-4b167c9f8cf2,9bf6c170-e45e-40dc-9af1-e86261f9ecb2
1954,9,110491fc-f060-4b9d-ab2c-bb0806824948,9b01dcea-622a-4a9b-b574-97d93e55ea93
1955,9,52e4975a-0d6d-4bb0-91a3-862f8e113091,a0844705-37e7-4686-985f-33669cf005d8
1956,9,11cb7b68-cfe7-4d6c-84ed-af5ab071e74c,da4c6b94-f422-4ed7-9f75-d9ccd577ccdd
1957,9,aebd4757-08dc-4ca0-be33-aa85171de59d,6ca4af06-1eb0-4bf4-82f2-ebcfd19d7fd5
1958,9,68f29968-0830-437d-a249-ba47ac22b0b4,5543956f-39bf-41cf-8fe6-4ab41d39ee7b
1959,10,68f29968-0830-437d-a249-ba47ac22b0b4,7ed82663-5e83-47b8-9cf7-79dacbcbe0c1
1960,10,aebd4757-08dc-4ca0-be33-aa85171de59d,9eb66e91-df59-4e05-8ed2-9f5714ac8d79
1961,10,13659e76-e911-41da-bf99-30eb7b05defc,7d75335c-8d95-4691-bc8e-afe8b6ee991f
1962,10,37a18000-2d1f-41db-afe6-6545f817bcb7,9bf176e1-07ac-4e04-9cdc-ac37826c473d
1963,10,52d61c70-77fd-4c4a-aae8-f4e24dde6de8,96141a8a-6c3a-449d-a9f5-e9fc553e41fd
1964,10,11cb7b68-cfe7-4d6c-84ed-af5ab071e74c,dd77b0be-c31d-4319-a8d4-1ee118c9dbc7
1965,11,dab7d824-81ec-49ba-911a-b3d081469a84,fb4872a8-2c47-4600-a01a-1a2085523451
1966,11,aebd4757-08dc-4ca0-be33-aa85171de59d,a38b15e9-a0ab-4088-b083-89ed3ca70e26
1967,11,68f29968-0830-437d-a249-ba47ac22b0b4,d39ff668-e377-46e4-be48-2cc11b1802d9
1968,11,52d61c70-77fd-4c4a-aae8-f4e24dde6de8,f6837ca0-d3cd-4717-afb6-e466bb542d31
1969,11,11cb7b68-cfe7-4d6c-84ed-af5ab071e74c,dfb6b6ed-8e16-4225-88be-a5c0616acfa5
1970,12,db2bcb8a-c799-4233-9699-dea23b975972,c1231a09-dbd1-4be9-87c6-44387f12704f
1971,12,e211347f-4b04-4765-a230-295f366390d1,94db1b02-1168-4968-b24d-9e25f1e9b591
1972,12,aebd4757-08dc-4ca0-be33-aa85171de59d,e560d96c-9530-4342-8baf-21a7fcf01712
1973,12,52d61c70-77fd-4c4a-aae8-f4e24dde6de8,f7eb8add-9673-478f-9fe7-8fc10b6a226a
1974,12,dab7d824-81ec-49ba-911a-b3d081469a84,110061a1-e67e-414a-a182-afe38c04e910
1975,12,37a18000-2d1f-41db-afe6-6545f817bcb7,22b0ad55-a7a5-454d-a507-8390e73803d5
1976,12,68f29968-0830-437d-a249-ba47ac22b0b4,de7c0779-16ad-4710-83fe-433ebcb2b5c7
1977,13,52d61c70-77fd-4c4a-aae8-f4e24dde6de8,723fa063-4cdc-4f47-9985-20f9f5709ec9
1978,13,dda4b683-307d-4145-b75c-59f61c442484,0a671dcd-50a7-4e35-8992-2ef1546f8389
1979,13,e211347f-4b04-4765-a230-295f366390d1,81e926c4-6015-41d1-9ce5-c0c2757ef731
1980,13,aebd4757-08dc-4ca0-be33-aa85171de59d,8ecb749b-5dda-4b18-a0f8-af1a5251ee05
1981,13,68f29968-0830-437d-a249-ba47ac22b0b4,8d351876-3132-456a-a9bb-83f9b37ae1db
1982,13,db2bcb8a-c799-4233-9699-dea23b975972,fb9867a0-7a2d-4e1b-81a4-a8562389aef0
1983,13,110491fc-f060-4b9d-ab2c-bb0806824948,da4c6b94-f422-4ed7-9f75-d9ccd577ccdd
1984,13,d0dcf8b7-d032-481b-b80e-dea683cc1fa4,5e0c9bb5-59c1-4a88-ada9-3d54187e436f
1985,14,6325743f-ad5d-4c24-aca3-6262a70d78d7,63dcdd2d-8ffb-491c-85b3-38c87cf246fc
1986,14,aebd4757-08dc-4ca0-be33-aa85171de59d,f4fe08fb-5800-4b82-ab20-bd38f9bd973f
1987,14,e211347f-4b04-4765-a230-295f366390d1,1a016e73-f31f-4a4d-b8e8-c0f0bb45f723
1988,14,68f29968-0830-437d-a249-ba47ac22b0b4,7448f385-5f7f-4543-be58-4fd4985d2672
1989,14,dda4b683-307d-4145-b75c-59f61c442484,bb801e7f-3141-407b-afda-79d7c278d060
1990,14,52d61c70-77fd-4c4a-aae8-f4e24dde6de8,f230c883-96d4-4440-bcef-a2d6d6613ecb
1991,15,db2bcb8a-c799-4233-9699-dea23b975972,e1046dae-82c8-4d6c-93a4-b126f6fcfbf9
1992,15,aebd4757-08dc-4ca0-be33-aa85171de59d,78a5de94-d8eb-41f7-b290-37a547caf6ec
1993,15,e211347f-4b04-4765-a230-295f366390d1,0ad99f2f-b027-42dd-9329-2e2ac49572a4
1994,15,52d61c70-77fd-4c4a-aae8-f4e24dde6de8,e2df05fd-0257-46c8-99ff-41b225ff24e6
1995,15,6325743f-ad5d-4c24-aca3-6262a70d78d7,c56f6cfc-e57e-4806-ad65-3e3ff199234d
1996,15,dda4b683-307d-4145-b75c-59f61c442484,e1046dae-82c8-4d6c-93a4-b126f6fcfbf9
1997,15,7bd65217-fdbe-4945-a657-496a494fff48,37b1af20-3ebd-40c5-a8e1-d567c2aa0b4f
1998,15,dab7d824-81ec-49ba-911a-b3d081469a84,684b4e2d-1010-495b-a99c-ab058432aa3b
1999,16,dda4b683-307d-4145-b75c-59f61c442484,6130d15b-945e-4a1c-b268-88c63c17b746
2000,16,aebd4757-08dc-4ca0-be33-aa85171de59d,07d3914b-ed74-4148-86cf-4bbafd446a86
2001,16,6325743f-ad5d-4c24-aca3-6262a70d78d7,c99ad3bc-435c-45fc-a4a1-0e5c10cfa7bd
2002,16,52d61c70-77fd-4c4a-aae8-f4e24dde6de8,42336f20-ea81-4694-ad54-9dc41acc6e9a
2003,16,dab7d824-81ec-49ba-911a-b3d081469a84,9c330f71-cd42-4987-b15d-f7db0342fdc4
2004,17,52d61c70-77fd-4c4a-aae8-f4e24dde6de8,7b49183a-7cfc-47cb-a25f-0cd09583f459
2005,17,aebd4757-08dc-4ca0-be33-aa85171de59d,8b494ab8-22a3-4d42-8416-69965f357616
2006,17,6325743f-ad5d-4c24-aca3-6262a70d78d7,b573ad4a-cf29-4749-a89d-d2ab1ac5c5aa
2007,17,db2bcb8a-c799-4233-9699-dea23b975972,6bebbb69-28e3-4414-a540-d9706fcdcc97
2008,17,dab7d824-81ec-49ba-911a-b3d081469a84,f51c43d5-6581-4def-9491-d77bbec14a28
2009,18,dab7d824-81ec-49ba-911a-b3d081469a84,d21832a5-b90c-47ee-bcd7-bac4f34ca51a
2010,18,52d61c70-77fd-4c4a-aae8-f4e24dde6de8,5c639c32-c15e-4a44-b2e9-2ab488e2cb8f
2011,19,aebd4757-08dc-4ca0-be33-aa85171de59d,5ad02ec8-03db-40ed-98bb-226d4eca6060
2012,19,52d61c70-77fd-4c4a-aae8-f4e24dde6de8,f1f7ff02-90f1-4e66-93c5-fabba213e4a8
2013,20,52d61c70-77fd-4c4a-aae8-f4e24dde6de8,58bc473a-1887-4280-bb8e-f027b7d27b2b
2014,21,52d61c70-77fd-4c4a-aae8-f4e24dde6de8,f6bd0099-a608-445d-b557-93966a0afb4c
2015,22,52d61c70-77fd-4c4a-aae8-f4e24dde6de8,8a08cdb1-114e-49f3-87d7-25ad6b3f0292
2016,23,52d61c70-77fd-4c4a-aae8-f4e24dde6de8,d00b0c53-7cfe-4383-8264-439bbf048d56
2017,24,52d61c70-77fd-4c4a-aae8-f4e24dde6de8,31c88e5d-c0f9-4999-9323-1782e95d6f6b
2018,31,82f57fc4-357f-49d3-af4b-e8bfb0a35210,83be1bd8-e308-46dc-bd46-f4e707318ed5
2019,33,82f57fc4-357f-49d3-af4b-e8bfb0a35210,abd88a2d-311f-4f15-95cb-2092bcf98ae9
2020,47,13b71402-f2cb-4aa3-9b17-639652e87ca8,e624b69e-85d3-4d0c-a50c-aba517485911
2021,112,13b71402-f2cb-4aa3-9b17-639652e87ca8,0eb2bb9b-cf82-40d6-9f22-edf4f8ca86b2
2022,149,4507d98e-44d1-40ea-8733-8047738b9a7a,aab0fe11-4d44-4f9a-bc63-cae50cccf1ee
2023,150,4507d98e-44d1-40ea-8733-8047738b9a7a,acd3f05c-f631-451a-8816-dd1cc85ad6da
2024,151,4507d98e-44d1-40ea-8733-8047738b9a7a,567505cf-76ff-4b9d-a9ed-d5debd9a3837
2025,152,4507d98e-44d1-40ea-8733-8047738b9a7a,3406687c-a5fb-4e5f-94d1-d8db94523998
2026,153,4507d98e-44d1-40ea-8733-8047738b9a7a,19a0b4df-c3c5-4dbd-b7c5-9edea50e256d
2027,214,13b71402-f2cb-4aa3-9b17-639652e87ca8,416cbbab-8e0d-4f74-bc37-9ec1bceba723
2028,263,13b71402-f2cb-4aa3-9b17-639652e87ca8,ba924f7d-47cb-41ec-b3e9-3a60c35e4824
2029,264,13b71402-f2cb-4aa3-9b17-639652e87ca8,7c840e1d-7e4b-4ac8-af22-3ac96e4459ce
2030,265,13b71402-f2cb-4aa3-9b17-639652e87ca8,fdafde3f-595b-411d-b4d4-3ea8e4f972d8
2031,266,13b71402-f2cb-4aa3-9b17-639652e87ca8,b2702b5f-e96a-4029-aa2b-0e33319e66ad
2032,267,13b71402-f2cb-4aa3-9b17-639652e87ca8,71e2014a-68a9-44c9-92c4-a82d869c3264
2033,268,13b71402-f2cb-4aa3-9b17-639652e87ca8,ca700b79-3667-47d7-b7ba-6d92f924e8d9
2034,269,13b71402-f2cb-4aa3-9b17-639652e87ca8,e8beae71-6ea2-4c4d-8c95-9ca473c4577d
2035,270,13b71402-f2cb-4aa3-9b17-639652e87ca8,a860ff6e-c7fd-4752-ad83-149cbbfd157b
2036,271,13b71402-f2cb-4aa3-9b17-639652e87ca8,2a19f89d-aff8-422e-8096-cb8eda4ddd30
2037,272,13b71402-f2cb-4aa3-9b17-639652e87ca8,06ff9078-8fd8-4bea-8f5b-a77fbbe1ce01
