id,sort_value,software,person
1464,1,1b5fd49d-9131-46ee-b56a-70efbb1effe5,d866fbe3-3385-4489-bb26-f7b0e61143cc
1496,1,db2bcb8a-c799-4233-9699-dea23b975972,810dfe88-248b-4845-aa27-84304926ce9e
1567,1,7fe5501b-aab0-4b70-9fef-08933ccf7480,52da8ed1-f691-46f3-9827-6800e0e0bfd7
1453,1,d6fa3131-3ab1-48c9-bd8b-31c0461a9fb5,f995be2c-7e43-4588-9663-eb16ac28001c
1377,1,13659e76-e911-41da-bf99-30eb7b05defc,b434374c-df1e-4feb-baaa-5262d8dd19ad
957,1,dda4b683-307d-4145-b75c-59f61c442484,680c0246-bdc0-4d26-a390-eaf8eddae629
1634,1,96059067-e0dd-4d80-b2bf-60ec9378609d,7f4a313b-f7c9-47bf-abf9-98b14cda5ba7
1598,1,ec808735-972e-41e7-8549-a96d93881e26,ab09132c-4a4c-42af-87ff-292f937bd79a
969,1,afcb9669-1336-48ff-ad58-a7446b8b09f0,5a7aa461-5232-4d6f-90e9-7cda85341c38
1617,1,59c24c09-5ecd-44c8-a324-5a7da62c634b,fe7927e0-3e64-4494-baf1-0fadb01cae6a
1093,1,596d3936-d754-4c02-b8ae-20f69d4ac16b,bbd2089d-b373-4b2a-be74-3087974f6db3
1631,1,15e95cb0-2008-4b98-83e9-0ce5a614b42c,bc6732fb-4d10-4439-a8ae-bebd97ac6b50
956,1,3fddfda7-5eca-4501-839e-765eb49a8c1b,9aef4a65-e1ef-4fb3-9f0e-55746379ff4c
1398,1,b5867d88-1fd5-476e-98e0-498ccbf41655,9216cf52-d2bb-46ba-857a-049d0a574f22
1001,1,aff43790-897a-49b4-a4c6-f3506a6c4858,3a081711-1c82-402f-99ca-72767ffcca7f
1527,1,8ee452af-f474-42ab-900a-691a1e25257f,c361c1ab-7e3e-43e3-90e5-83001cac2d3d
1091,1,06813bb3-7c73-425d-b9fe-6b4e80add160,f30bcf6d-d1bd-42a6-844a-82eab8ae2dd2
1475,1,6adc2c82-61b3-41b4-89ca-62862bfe9b9f,d866fbe3-3385-4489-bb26-f7b0e61143cc
1521,1,1fd6fa60-cd5d-4e38-bfea-ea8dc5b25eaa,9216cf52-d2bb-46ba-857a-049d0a574f22
1592,1,bdd706f0-b987-446b-b650-78d9d86f00b2,3e3dd4b7-f460-4115-a049-22d106731e4e
1421,1,4409f409-077b-48c2-9421-b1802255499f,41b75885-3a61-44f4-a3bd-4c87a816ebbb
953,1,ac6f7ea3-062c-442f-abf9-9732a88fcc6b,52da8ed1-f691-46f3-9827-6800e0e0bfd7
1440,1,9188840c-25ba-4ec8-b8c3-d32413aaf7a0,0c9983ca-84de-4683-988d-5893692741f3
1002,1,f6e3429d-e80e-4cf6-889e-44af1e93f87d,3a46e694-789a-4562-83d6-c22afb7ff43b
1620,1,91f97996-69a3-43b8-bdfc-20895502415f,481229d7-54be-4f5a-9b10-634cb08c6838
1087,1,c9f100c2-e502-4a61-94d5-87ae0f4d3646,e49f3487-71e0-446e-ac76-930a15d96eff
1096,1,7bd65217-fdbe-4945-a657-496a494fff48,da574520-36f8-4c51-880d-a5b3e4dacc77
1085,1,fd58b98f-87d6-441b-bec8-aa79752f3c5e,a8a9a142-cc76-4c71-88da-21f792c2d849
1078,1,82f57fc4-357f-49d3-af4b-e8bfb0a35210,5819efb0-3fb9-4e98-95f2-5b14c49d7f68
1121,1,13b71402-f2cb-4aa3-9b17-639652e87ca8,b84a21c1-6b9b-4462-97fd-b83484265930
994,1,8e349bce-5860-4c0b-9ee9-ebb684574262,6ae1e775-7e0b-4156-a246-7ea52fe37a50
1604,1,dab7d824-81ec-49ba-911a-b3d081469a84,55fdb510-f237-4c03-9625-931456e05b73
1645,1,80c6de8f-a5f2-4897-9ca8-593d8a126590,c7296c29-9810-4513-b9bb-cdefe18253b3
1396,1,8054183f-794a-4914-a8cb-a379bb9f1040,960ab3df-bb01-4534-bf4f-05e75bc9a5b1
1100,1,e211347f-4b04-4765-a230-295f366390d1,f561dae0-827b-42fb-be8a-6782e9b25f10
1014,1,ac1149e1-6679-4466-a445-1f6dd0ecd883,020d66d7-d53c-451b-9fca-be1600431111
993,1,fa126d2b-ea85-4237-8abd-367c1b1e4e92,4e17b0e8-2d53-47c4-88f8-aca8e9dd006a
1406,1,0321f375-4f6c-47d8-9181-125b0274ee6b,6ae1e775-7e0b-4156-a246-7ea52fe37a50
1424,1,a73ebc78-1f89-4af8-8f67-2e35de947d16,4692a7c0-7de7-4974-b8b2-1d8a0bc0115e
1006,1,e8b6fe34-d598-4d53-86d0-288bc004c3e7,5564db15-b17e-4f59-9fe0-30a21be50ca9
1015,1,43700827-e657-4937-ae69-c333b70d3756,a94e5d35-949a-43d4-ad57-48e5dddfd5c0
1017,1,2fd43ecd-9910-48f4-bf08-f07a4445cdf2,58d5618a-09c9-4251-917d-f015f71495a9
970,1,aade4249-dedf-4938-9ad1-432553bf0c36,bede8ae3-bc2f-4b0d-960a-2eef7f14e6d8
1387,1,a74cb76b-da08-4412-817f-3240e52c5dde,6ae1e775-7e0b-4156-a246-7ea52fe37a50
1018,1,4507d98e-44d1-40ea-8733-8047738b9a7a,cf47283e-57e9-45df-b736-f02459ce4aec
1109,1,b8495e18-9a18-4e8f-8b88-85db6e74ec22,e96a9a04-5a81-4458-83a0-7b4ddd94c1bf
1540,1,982c8a07-8ad1-400c-8842-2fb10ad69c21,4763f938-9c56-4074-b11c-6bb398df7485
990,1,a7f6fd15-9b3c-4cae-a029-0da92222f465,83be1bd8-e308-46dc-bd46-f4e707318ed5
1382,1,ad9602aa-4d82-4f9f-9ef5-053f92f2c9ff,4c934026-92a0-43dc-915e-00bb0ba2a6f8
1012,2,3f058476-5010-48f4-9bd9-e27648d2ecea,5d8c80d3-d8e3-4392-9c4f-cf93160e966a
971,2,aade4249-dedf-4938-9ad1-432553bf0c36,9216cf52-d2bb-46ba-857a-049d0a574f22
1097,2,7bd65217-fdbe-4945-a657-496a494fff48,6fbd29df-80c1-40f8-b627-a652e7e03c67
995,2,8e349bce-5860-4c0b-9ee9-ebb684574262,de7c0779-16ad-4710-83fe-433ebcb2b5c7
976,2,11cb7b68-cfe7-4d6c-84ed-af5ab071e74c,0f44a1f3-e5a4-479d-8a63-874ca10274b9
991,2,a7f6fd15-9b3c-4cae-a029-0da92222f465,ba65daa9-b248-4e2d-95b8-c38ce94d0598
1094,2,596d3936-d754-4c02-b8ae-20f69d4ac16b,4e17b0e8-2d53-47c4-88f8-aca8e9dd006a
1092,2,06813bb3-7c73-425d-b9fe-6b4e80add160,b7541ba3-a976-45d4-b411-42ab6ce9c3f8
1088,2,c9f100c2-e502-4a61-94d5-87ae0f4d3646,f30bcf6d-d1bd-42a6-844a-82eab8ae2dd2
1086,2,fd58b98f-87d6-441b-bec8-aa79752f3c5e,9a845e9b-381c-4bac-8504-ae85fca67ae7
1122,2,13b71402-f2cb-4aa3-9b17-639652e87ca8,fab65a33-76ba-4b32-8559-ffde0da03a20
1407,2,0321f375-4f6c-47d8-9181-125b0274ee6b,78710a8c-562b-4d44-80de-747185d4a1f3
1425,2,a73ebc78-1f89-4af8-8f67-2e35de947d16,fb325fac-aacc-4bf9-8968-b6e055d5da2d
1388,2,a74cb76b-da08-4412-817f-3240e52c5dde,09e36914-a9bb-48fe-a3f9-336cc0b80afe
1383,2,ad9602aa-4d82-4f9f-9ef5-053f92f2c9ff,6635c0ba-c3b0-4806-b0cb-afba8722393b
1378,2,13659e76-e911-41da-bf99-30eb7b05defc,174996c2-882a-45fa-9f6c-96d197c8d78a
1635,2,96059067-e0dd-4d80-b2bf-60ec9378609d,6501bf4a-0cec-486f-8aa9-8ba3f2f45069
1618,2,59c24c09-5ecd-44c8-a324-5a7da62c634b,32e15f56-2150-4c42-9514-881d857073f4
1465,2,1b5fd49d-9131-46ee-b56a-70efbb1effe5,376c816e-3eea-4ecd-b7bc-4fb3d7412002
1497,2,db2bcb8a-c799-4233-9699-dea23b975972,083cedc3-89ed-4029-b0ca-4e84cd4a2797
1528,2,8ee452af-f474-42ab-900a-691a1e25257f,033fe67d-d730-4817-9312-e348179f508f
1476,2,6adc2c82-61b3-41b4-89ca-62862bfe9b9f,f229e47c-bf32-439d-a84b-41b4470da15e
1441,2,9188840c-25ba-4ec8-b8c3-d32413aaf7a0,fa83ef07-cbd2-45d4-85ab-f6a42c6af06b
1422,2,4409f409-077b-48c2-9421-b1802255499f,9a3c53c1-e376-40de-89ac-503be6c1fb7b
1593,2,bdd706f0-b987-446b-b650-78d9d86f00b2,6df2db32-3361-4bc4-9317-ac7af6fe84a6
1454,2,d6fa3131-3ab1-48c9-bd8b-31c0461a9fb5,dfb6b6ed-8e16-4225-88be-a5c0616acfa5
1110,2,b8495e18-9a18-4e8f-8b88-85db6e74ec22,dcbea284-9ea0-4f44-9739-ccbe5fc26ea4
1399,2,b5867d88-1fd5-476e-98e0-498ccbf41655,17518839-e330-42ea-879d-b356524cc6e4
1599,2,ec808735-972e-41e7-8549-a96d93881e26,8e28a5d7-5c64-4707-8fd9-3164fc5e0ae4
1568,2,7fe5501b-aab0-4b70-9fef-08933ccf7480,cca2f050-9e70-4aa3-9373-c2e044bf162f
1019,2,4507d98e-44d1-40ea-8733-8047738b9a7a,18eb53cf-0832-4184-b89c-b2109f013649
1101,2,e211347f-4b04-4765-a230-295f366390d1,5d6003b0-165b-4c03-96a2-1ee59884ad47
1016,2,43700827-e657-4937-ae69-c333b70d3756,b35afae4-a71f-48bc-8f5c-ef0b51293bd0
1605,2,dab7d824-81ec-49ba-911a-b3d081469a84,c1af8c99-4f59-453b-9441-16db8b7deb59
954,2,ac6f7ea3-062c-442f-abf9-9732a88fcc6b,e79e10b2-1839-414a-ae14-597d36cc61e0
958,2,dda4b683-307d-4145-b75c-59f61c442484,db340bf9-491a-4dd0-88a8-a6ea60da8a9d
1007,2,e8b6fe34-d598-4d53-86d0-288bc004c3e7,b15dc90b-691b-4a89-b4d9-37cd0629481f
1003,2,f6e3429d-e80e-4cf6-889e-44af1e93f87d,c8079dcd-7441-4f7b-8aae-ed9e240cf0e4
972,3,aade4249-dedf-4938-9ad1-432553bf0c36,ba49d98a-aa7b-479d-9bee-b1eaf30b7c53
1619,3,59c24c09-5ecd-44c8-a324-5a7da62c634b,2f59d23f-d47f-4138-99cb-ff109a9bd78e
1569,3,7fe5501b-aab0-4b70-9fef-08933ccf7480,a35b71fc-7dfd-4613-8f54-8b306be14410
959,3,dda4b683-307d-4145-b75c-59f61c442484,dcc1bf24-bd36-4ca4-a31a-46736f3560e3
1379,3,13659e76-e911-41da-bf99-30eb7b05defc,9391d7ca-6fae-42a0-bdbc-951dd19ef7d0
1384,3,ad9602aa-4d82-4f9f-9ef5-053f92f2c9ff,5819efb0-3fb9-4e98-95f2-5b14c49d7f68
1098,3,7bd65217-fdbe-4945-a657-496a494fff48,d857c04b-fb2c-4538-ae33-0c566c27fe36
1008,3,e8b6fe34-d598-4d53-86d0-288bc004c3e7,261f3542-39fb-4da1-869f-afbdeb5cd905
1426,3,a73ebc78-1f89-4af8-8f67-2e35de947d16,932ad591-95ba-4791-bc37-8df476f958c0
1389,3,a74cb76b-da08-4412-817f-3240e52c5dde,033fe67d-d730-4817-9312-e348179f508f
977,3,11cb7b68-cfe7-4d6c-84ed-af5ab071e74c,1d387c1d-0425-404e-973b-e2272220bae6
1111,3,b8495e18-9a18-4e8f-8b88-85db6e74ec22,b434374c-df1e-4feb-baaa-5262d8dd19ad
1479,3,110491fc-f060-4b9d-ab2c-bb0806824948,083cedc3-89ed-4029-b0ca-4e84cd4a2797
1013,3,3f058476-5010-48f4-9bd9-e27648d2ecea,851e8659-4cfc-46a7-a018-e39b22ee1504
1455,3,d6fa3131-3ab1-48c9-bd8b-31c0461a9fb5,f1b4bf59-86aa-417d-a878-77131ef17778
1606,3,dab7d824-81ec-49ba-911a-b3d081469a84,adc78ed0-7599-4988-af2f-a09a83f951bd
992,3,a7f6fd15-9b3c-4cae-a029-0da92222f465,67fea142-ca76-4d32-a499-659895194b14
1123,3,13b71402-f2cb-4aa3-9b17-639652e87ca8,406b8f52-9478-435d-a404-9f764bfd2c28
996,3,8e349bce-5860-4c0b-9ee9-ebb684574262,0a671dcd-50a7-4e35-8992-2ef1546f8389
1423,3,4409f409-077b-48c2-9421-b1802255499f,71352468-ff1c-481b-8f2e-a6b3e6c00f1b
1089,3,c9f100c2-e502-4a61-94d5-87ae0f4d3646,b7541ba3-a976-45d4-b411-42ab6ce9c3f8
1442,3,9188840c-25ba-4ec8-b8c3-d32413aaf7a0,f995be2c-7e43-4588-9663-eb16ac28001c
1523,3,1fd6fa60-cd5d-4e38-bfea-ea8dc5b25eaa,8f8da490-f6e0-438d-b821-13e7a835c11c
1004,3,f6e3429d-e80e-4cf6-889e-44af1e93f87d,c154d944-30c6-453d-b43b-2982cadd277b
1594,3,bdd706f0-b987-446b-b650-78d9d86f00b2,38a632e2-4d79-410a-a941-f0abc23fb982
955,3,ac6f7ea3-062c-442f-abf9-9732a88fcc6b,4176b030-f090-4bf4-a3b0-b2adeb4075b6
1640,3,15e95cb0-2008-4b98-83e9-0ce5a614b42c,40be10e4-a4d2-45eb-a8d8-6ce3d46baff5
1400,3,b5867d88-1fd5-476e-98e0-498ccbf41655,f1091b36-ab29-4673-a98c-59d995dd74ad
1095,3,596d3936-d754-4c02-b8ae-20f69d4ac16b,5e0c9bb5-59c1-4a88-ada9-3d54187e436f
1529,3,8ee452af-f474-42ab-900a-691a1e25257f,09e36914-a9bb-48fe-a3f9-336cc0b80afe
1466,3,1b5fd49d-9131-46ee-b56a-70efbb1effe5,a417742f-8f4e-46ee-b076-bf37e1eaa02e
1020,3,4507d98e-44d1-40ea-8733-8047738b9a7a,b93f43a7-4cce-4c93-8e11-f970df77975c
1102,3,e211347f-4b04-4765-a230-295f366390d1,417e27ed-b169-4831-8064-815f5fe7eab1
1600,3,ec808735-972e-41e7-8549-a96d93881e26,5543956f-39bf-41cf-8fe6-4ab41d39ee7b
1112,4,b8495e18-9a18-4e8f-8b88-85db6e74ec22,d04b21a1-01ea-4616-b72b-5294accde02d
1456,4,d6fa3131-3ab1-48c9-bd8b-31c0461a9fb5,ff3dedf4-eef8-4023-ad4a-a6b4bc8cdecc
1499,4,db2bcb8a-c799-4233-9699-dea23b975972,bbb91016-ceb5-4115-85d1-df23adac7c27
1480,4,110491fc-f060-4b9d-ab2c-bb0806824948,6ae1e775-7e0b-4156-a246-7ea52fe37a50
1390,4,a74cb76b-da08-4412-817f-3240e52c5dde,429098eb-0cc0-44d5-9e36-643d32175f50
1385,4,ad9602aa-4d82-4f9f-9ef5-053f92f2c9ff,d90322fe-824f-4efd-afda-0139f74138b1
1380,4,13659e76-e911-41da-bf99-30eb7b05defc,020d66d7-d53c-451b-9fca-be1600431111
1530,4,8ee452af-f474-42ab-900a-691a1e25257f,429098eb-0cc0-44d5-9e36-643d32175f50
1401,4,b5867d88-1fd5-476e-98e0-498ccbf41655,67c45ff6-eef0-40cf-ad85-5a2441f35448
1601,4,ec808735-972e-41e7-8549-a96d93881e26,78ff69d9-bf68-4060-bf18-ec33407566ae
1647,4,15e95cb0-2008-4b98-83e9-0ce5a614b42c,e642af60-bc4f-46f2-9bed-b35ca53d77d1
1607,4,dab7d824-81ec-49ba-911a-b3d081469a84,a36dc72f-09af-464d-ab07-dfb907c778c1
960,4,dda4b683-307d-4145-b75c-59f61c442484,3ca2eae9-a111-45ba-a219-e07041e95740
973,4,aade4249-dedf-4938-9ad1-432553bf0c36,8e28a5d7-5c64-4707-8fd9-3164fc5e0ae4
978,4,11cb7b68-cfe7-4d6c-84ed-af5ab071e74c,e4e0a206-e0d2-4121-ba3f-675964f4f777
997,4,8e349bce-5860-4c0b-9ee9-ebb684574262,083cedc3-89ed-4029-b0ca-4e84cd4a2797
1005,4,f6e3429d-e80e-4cf6-889e-44af1e93f87d,62728681-cb32-44cd-af89-b232a841b250
1009,4,e8b6fe34-d598-4d53-86d0-288bc004c3e7,babc6c1c-9898-4a8d-a9d8-45c7367784c7
1021,4,4507d98e-44d1-40ea-8733-8047738b9a7a,1833a89c-9a41-4a3c-b12d-6d80cf3505bc
1595,4,bdd706f0-b987-446b-b650-78d9d86f00b2,aa939ba6-fa40-420b-9161-1e5c492f2936
1587,4,1fd6fa60-cd5d-4e38-bfea-ea8dc5b25eaa,9a845e9b-381c-4bac-8504-ae85fca67ae7
1467,4,1b5fd49d-9131-46ee-b56a-70efbb1effe5,77a38114-57a0-4489-b36b-e12cdd163923
1427,4,a73ebc78-1f89-4af8-8f67-2e35de947d16,428d9b8f-5db4-41ab-8471-00c9d4c40131
1395,4,3f058476-5010-48f4-9bd9-e27648d2ecea,3ca2eae9-a111-45ba-a219-e07041e95740
1124,4,13b71402-f2cb-4aa3-9b17-639652e87ca8,6b9c0744-047d-443e-a06a-69d8e272a610
1090,4,c9f100c2-e502-4a61-94d5-87ae0f4d3646,893160e8-07e5-440a-9fb8-e3d1867f1ae8
1099,4,7bd65217-fdbe-4945-a657-496a494fff48,a0844705-37e7-4686-985f-33669cf005d8
1103,4,e211347f-4b04-4765-a230-295f366390d1,925f4fe8-d6e1-4cf4-99d4-6f850f4d80c0
1596,5,bdd706f0-b987-446b-b650-78d9d86f00b2,08724f84-65da-4b23-a97f-6c94378d0fa1
1104,5,e211347f-4b04-4765-a230-295f366390d1,6a2c6430-fe12-4d7c-9bd9-119c86da65be
1010,5,e8b6fe34-d598-4d53-86d0-288bc004c3e7,0ddb1d01-cd3a-48aa-a24d-3c243fa96403
1608,5,dab7d824-81ec-49ba-911a-b3d081469a84,d89d4bf7-9069-438d-95cc-ba313251b61b
974,5,aade4249-dedf-4938-9ad1-432553bf0c36,87bcaf85-dcdb-47c8-806c-9e2acbef3e3a
1457,5,d6fa3131-3ab1-48c9-bd8b-31c0461a9fb5,dd77b0be-c31d-4319-a8d4-1ee118c9dbc7
1125,5,13b71402-f2cb-4aa3-9b17-639652e87ca8,d0df2dbe-63d2-4639-8772-d9a390ba463b
1602,5,ec808735-972e-41e7-8549-a96d93881e26,56a5e659-736c-4e6e-8fa9-4601633eaeac
1113,5,b8495e18-9a18-4e8f-8b88-85db6e74ec22,4e53ded9-d000-4c61-bacb-b4c85f1e9cad
1022,5,4507d98e-44d1-40ea-8733-8047738b9a7a,421dff5c-1450-47ef-9fc1-9e3131401d59
1625,5,e2069dd1-ba2f-45fa-b2b7-9052a16f74cc,b62d6e6a-b982-410b-a9e6-125eeaa7f71e
1391,5,a74cb76b-da08-4412-817f-3240e52c5dde,c361c1ab-7e3e-43e3-90e5-83001cac2d3d
1386,5,ad9602aa-4d82-4f9f-9ef5-053f92f2c9ff,e354586e-2b49-4e3a-9ebc-ec9d466dbe21
1381,5,13659e76-e911-41da-bf99-30eb7b05defc,062fba9f-ea7b-4702-aa99-ae8d9b3d7901
1531,5,8ee452af-f474-42ab-900a-691a1e25257f,406dd479-6892-4a86-89eb-9f46c52d881f
1468,5,1b5fd49d-9131-46ee-b56a-70efbb1effe5,34f94fb2-6cec-4c4f-8890-e5539c1f2226
1402,5,b5867d88-1fd5-476e-98e0-498ccbf41655,780e914c-550e-44e2-8757-d03bdb4a0225
979,5,11cb7b68-cfe7-4d6c-84ed-af5ab071e74c,35abf890-8b3f-4934-9095-dd90d90b7f3a
998,5,8e349bce-5860-4c0b-9ee9-ebb684574262,09e36914-a9bb-48fe-a3f9-336cc0b80afe
961,5,dda4b683-307d-4145-b75c-59f61c442484,f817d40e-5d15-4425-9a98-9f97713c5ded
1500,5,db2bcb8a-c799-4233-9699-dea23b975972,30cf2884-31c6-4b7e-9bb8-6278c38ec496
1403,6,b5867d88-1fd5-476e-98e0-498ccbf41655,f61b728e-3581-4ed0-9b6b-4deaa7dcdc73
1482,6,110491fc-f060-4b9d-ab2c-bb0806824948,5c104f22-267f-43d0-9809-e3b145a56372
1445,6,9188840c-25ba-4ec8-b8c3-d32413aaf7a0,9bf6c170-e45e-40dc-9af1-e86261f9ecb2
1105,6,e211347f-4b04-4765-a230-295f366390d1,5117de57-ba82-4e60-ace1-9783273dba6f
980,6,11cb7b68-cfe7-4d6c-84ed-af5ab071e74c,dd897bae-9576-43ba-95da-4e5f5f31b869
1114,6,b8495e18-9a18-4e8f-8b88-85db6e74ec22,d771942a-124c-4016-9e1a-bbc90578fac1
999,6,8e349bce-5860-4c0b-9ee9-ebb684574262,bcee72f7-6155-4c69-9ff4-0710f919864e
1636,6,ec808735-972e-41e7-8549-a96d93881e26,0142a50e-03fd-4949-93fc-2e08feee0c12
962,6,dda4b683-307d-4145-b75c-59f61c442484,fbce4e52-c8cf-4104-b3fa-83f7a86c083e
1392,6,a74cb76b-da08-4412-817f-3240e52c5dde,406dd479-6892-4a86-89eb-9f46c52d881f
1023,6,4507d98e-44d1-40ea-8733-8047738b9a7a,bf627954-1ea1-4e8f-a831-635871dd9e2a
1126,6,13b71402-f2cb-4aa3-9b17-639652e87ca8,0cf58664-a73e-4b89-990f-d552911af702
1597,6,bdd706f0-b987-446b-b650-78d9d86f00b2,3ab2ed72-e771-4174-9d2d-ceb16d2eca42
1532,6,8ee452af-f474-42ab-900a-691a1e25257f,6ae1e775-7e0b-4156-a246-7ea52fe37a50
1609,6,dab7d824-81ec-49ba-911a-b3d081469a84,87351098-0b4b-460d-a8ef-a8040c24e39a
1024,7,4507d98e-44d1-40ea-8733-8047738b9a7a,6b277116-5612-48db-9372-d2eadbc80b94
1000,7,8e349bce-5860-4c0b-9ee9-ebb684574262,beba2566-9423-4a50-937d-334cfcf8b9b7
1502,7,db2bcb8a-c799-4233-9699-dea23b975972,90ea7fa1-61f3-4be9-a723-d8a53c39343a
963,7,dda4b683-307d-4145-b75c-59f61c442484,4719d60f-30c7-40bb-9971-c0fd2a94d298
1610,7,dab7d824-81ec-49ba-911a-b3d081469a84,fa366e1a-dc8b-48a7-9152-3c322634036f
1404,7,b5867d88-1fd5-476e-98e0-498ccbf41655,60e23d4e-470f-4ac7-b213-043e960f24ee
1446,7,9188840c-25ba-4ec8-b8c3-d32413aaf7a0,bac6bfa0-d1f3-477c-ab87-ee6e878119a7
1106,7,e211347f-4b04-4765-a230-295f366390d1,d857c04b-fb2c-4538-ae33-0c566c27fe36
1483,7,110491fc-f060-4b9d-ab2c-bb0806824948,f9a70c3e-0a85-4266-b588-02ce23dd2b9a
1127,7,13b71402-f2cb-4aa3-9b17-639652e87ca8,2f62e6a8-377c-4d81-864b-07a282b169b2
1115,7,b8495e18-9a18-4e8f-8b88-85db6e74ec22,5b5a4313-8408-4334-a1c7-1eb8848f8053
981,7,11cb7b68-cfe7-4d6c-84ed-af5ab071e74c,327b3cf2-5e85-4623-aece-1da50ce937f2
964,8,dda4b683-307d-4145-b75c-59f61c442484,493ee719-c5c1-4777-b895-c99785bd36e5
1639,8,e2069dd1-ba2f-45fa-b2b7-9052a16f74cc,21f6c964-1468-4a92-aa57-274bdd558490
1025,8,4507d98e-44d1-40ea-8733-8047738b9a7a,b3e7e1ce-dc21-41a1-a24a-99222f6e53f8
1503,8,db2bcb8a-c799-4233-9699-dea23b975972,480d01f6-c632-4b2f-9cbc-2378967e196a
1405,8,b5867d88-1fd5-476e-98e0-498ccbf41655,536652dd-daf3-43ce-97d0-797845843dde
1575,8,9188840c-25ba-4ec8-b8c3-d32413aaf7a0,174996c2-882a-45fa-9f6c-96d197c8d78a
982,8,11cb7b68-cfe7-4d6c-84ed-af5ab071e74c,aacd6651-4533-4b3e-a7de-b1c4c917f77a
1128,8,13b71402-f2cb-4aa3-9b17-639652e87ca8,1c571ccf-d3db-4a9c-93a0-0d5f1c830217
1107,8,e211347f-4b04-4765-a230-295f366390d1,80ffd628-fa69-4e57-8eee-a8c63cdd4f79
1484,8,110491fc-f060-4b9d-ab2c-bb0806824948,21161794-f7ca-4583-8e1d-7a5604876888
1116,8,b8495e18-9a18-4e8f-8b88-85db6e74ec22,5819efb0-3fb9-4e98-95f2-5b14c49d7f68
1611,8,dab7d824-81ec-49ba-911a-b3d081469a84,254f6c01-0886-4df5-a486-c2ac2e3169fb
1612,9,dab7d824-81ec-49ba-911a-b3d081469a84,62d39051-db20-48b5-9b11-05ba167904d1
1026,9,4507d98e-44d1-40ea-8733-8047738b9a7a,e949d91d-2873-47c6-a123-47bd598284ba
1485,9,110491fc-f060-4b9d-ab2c-bb0806824948,0a671dcd-50a7-4e35-8992-2ef1546f8389
1641,9,e2069dd1-ba2f-45fa-b2b7-9052a16f74cc,6696426d-f68d-4eed-8cf0-6aa98d2835f5
1504,9,db2bcb8a-c799-4233-9699-dea23b975972,74c0fad5-359f-4b65-a01c-04b588551012
1583,9,9188840c-25ba-4ec8-b8c3-d32413aaf7a0,71352468-ff1c-481b-8f2e-a6b3e6c00f1b
1129,9,13b71402-f2cb-4aa3-9b17-639652e87ca8,e7d18d68-4e90-465e-8e10-0e3b83c60661
965,9,dda4b683-307d-4145-b75c-59f61c442484,f5e43456-249d-4c83-818d-998e3088dd7f
1117,9,b8495e18-9a18-4e8f-8b88-85db6e74ec22,0ead8662-05dc-4b60-b1d6-de5c93fcbf85
983,9,11cb7b68-cfe7-4d6c-84ed-af5ab071e74c,7501cd9f-52e1-4944-b538-2313d7ed4c27
1108,9,e211347f-4b04-4765-a230-295f366390d1,5212d5a9-cfb7-45de-a302-37692fef700b
1118,10,b8495e18-9a18-4e8f-8b88-85db6e74ec22,9618af77-ecc1-420b-84b7-731e9e4d7000
984,10,11cb7b68-cfe7-4d6c-84ed-af5ab071e74c,e0a4566e-ca05-4875-b642-de77fbc836ae
1130,10,13b71402-f2cb-4aa3-9b17-639652e87ca8,a7d1f0ee-d047-450b-8cc5-f16d8cd85f9a
966,10,dda4b683-307d-4145-b75c-59f61c442484,1a3d2ba6-c58a-4e60-8852-2ef6370f8efc
1027,10,4507d98e-44d1-40ea-8733-8047738b9a7a,6ca53604-0509-44fb-a16a-dd3b939e54e6
1486,10,110491fc-f060-4b9d-ab2c-bb0806824948,9d3b3e56-6b57-4f61-9372-e939fcb3310e
1642,10,e2069dd1-ba2f-45fa-b2b7-9052a16f74cc,86f3542d-0adc-4cbd-96f2-2c6565ef85c5
1131,11,13b71402-f2cb-4aa3-9b17-639652e87ca8,bfa2c4ed-f5cc-48d1-93b4-a91a9a6b7f85
985,11,11cb7b68-cfe7-4d6c-84ed-af5ab071e74c,1fccb894-2cc3-4166-b62b-fddb5ea6071b
1028,11,4507d98e-44d1-40ea-8733-8047738b9a7a,1f894bce-d651-41c2-b8b1-6eee6e135032
1487,11,110491fc-f060-4b9d-ab2c-bb0806824948,825dbadb-7ad6-4ba1-a64c-7b04598a75fd
1644,11,e2069dd1-ba2f-45fa-b2b7-9052a16f74cc,b0a91796-93f9-48b1-bc44-85be98e91125
1119,11,b8495e18-9a18-4e8f-8b88-85db6e74ec22,54e74b2e-292f-4284-844c-430babadbb67
967,11,dda4b683-307d-4145-b75c-59f61c442484,365bd577-d56d-4a19-b32f-005ff6582248
968,12,dda4b683-307d-4145-b75c-59f61c442484,fe8eee07-84fd-4009-9b91-a8daed612b0d
1029,12,4507d98e-44d1-40ea-8733-8047738b9a7a,8bdec27c-3437-440e-8862-d3312c5d89f0
1132,12,13b71402-f2cb-4aa3-9b17-639652e87ca8,e241cbf2-b3b5-4359-bb36-181988b2de34
1646,12,e2069dd1-ba2f-45fa-b2b7-9052a16f74cc,e560d96c-9530-4342-8baf-21a7fcf01712
1120,12,b8495e18-9a18-4e8f-8b88-85db6e74ec22,a4311539-b94a-437a-8ba3-484d2b02407a
1488,12,110491fc-f060-4b9d-ab2c-bb0806824948,ee8f3933-5f0b-4573-8696-652b412f5adf
1507,12,db2bcb8a-c799-4233-9699-dea23b975972,6c345a04-2de4-42d5-a095-97b58a169020
986,12,11cb7b68-cfe7-4d6c-84ed-af5ab071e74c,beba2566-9423-4a50-937d-334cfcf8b9b7
987,13,11cb7b68-cfe7-4d6c-84ed-af5ab071e74c,40dc8b1f-5f68-4bbe-9652-b1f65d4953a6
1637,13,dab7d824-81ec-49ba-911a-b3d081469a84,07938324-dbf7-466e-bb80-a33b47f29d22
1489,13,110491fc-f060-4b9d-ab2c-bb0806824948,cf8220c8-e01b-4aba-ab5c-4a1eff592485
1648,13,e2069dd1-ba2f-45fa-b2b7-9052a16f74cc,ee87e2a5-63d1-4fcf-8131-052abd95e625
1133,13,13b71402-f2cb-4aa3-9b17-639652e87ca8,bd090dd4-a1b2-4445-9f93-f68e9d324c16
1030,13,4507d98e-44d1-40ea-8733-8047738b9a7a,eb22e87f-91a5-46b6-88e3-fe2c97c77c99
1031,14,4507d98e-44d1-40ea-8733-8047738b9a7a,1772fd04-891a-4b11-8bae-b74ac87089c4
1490,14,110491fc-f060-4b9d-ab2c-bb0806824948,3140b882-cf13-4b58-b262-8b3860e450db
1134,14,13b71402-f2cb-4aa3-9b17-639652e87ca8,9376d2eb-271b-4231-b956-0ec54436fdcd
988,14,11cb7b68-cfe7-4d6c-84ed-af5ab071e74c,67c788db-bec5-49da-8292-421c6af8542b
1638,14,dab7d824-81ec-49ba-911a-b3d081469a84,0fd7b2c4-d2e1-489b-bb35-9060759b2ee8
1510,15,db2bcb8a-c799-4233-9699-dea23b975972,e189000d-8d72-4f5a-9ff7-39b7390e4582
989,15,11cb7b68-cfe7-4d6c-84ed-af5ab071e74c,fb226e1e-c094-429c-ae96-7590c98410c7
1135,15,13b71402-f2cb-4aa3-9b17-639652e87ca8,9bf176e1-07ac-4e04-9cdc-ac37826c473d
1643,15,dab7d824-81ec-49ba-911a-b3d081469a84,8d22ac3b-7978-48dd-bb88-1c1dfb2c6ef9
1032,15,4507d98e-44d1-40ea-8733-8047738b9a7a,1276702f-be28-4cb1-bb4b-bd185ce3af06
1394,16,11cb7b68-cfe7-4d6c-84ed-af5ab071e74c,3abbd3be-fb65-4413-bcd9-e29e238aa0e5
1511,16,db2bcb8a-c799-4233-9699-dea23b975972,85e744f8-93bd-472c-a465-9c0998bc58b3
1033,16,4507d98e-44d1-40ea-8733-8047738b9a7a,8687b258-2473-46b0-975e-44f29cdce5e3
1136,16,13b71402-f2cb-4aa3-9b17-639652e87ca8,862bcee2-c257-4b49-b7d1-71f73c029ea7
1492,16,110491fc-f060-4b9d-ab2c-bb0806824948,c5bf94e1-e59c-41e5-bec8-5ac68a9a81be
1512,17,db2bcb8a-c799-4233-9699-dea23b975972,6ae1e775-7e0b-4156-a246-7ea52fe37a50
1034,17,4507d98e-44d1-40ea-8733-8047738b9a7a,9eadd126-2ebf-47bb-a6de-54ade76ee7b2
1137,17,13b71402-f2cb-4aa3-9b17-639652e87ca8,1da4919f-9e2a-44d6-bd38-aae776e8344f
1035,18,4507d98e-44d1-40ea-8733-8047738b9a7a,6df10c93-97c2-4186-8a3d-3e621ba755b2
1513,18,db2bcb8a-c799-4233-9699-dea23b975972,bf06b318-dc37-4d0b-bf48-448ae4f044c9
1494,18,110491fc-f060-4b9d-ab2c-bb0806824948,223886cd-b5bc-473e-b398-a1f640e6c4d2
1138,18,13b71402-f2cb-4aa3-9b17-639652e87ca8,5d131d3e-c254-4ce8-a1c8-82507ca1ff99
1139,19,13b71402-f2cb-4aa3-9b17-639652e87ca8,2eb3146b-84a8-4782-93e0-f9d1f9622e26
1514,19,db2bcb8a-c799-4233-9699-dea23b975972,e132e9d3-824a-49db-a649-3147764b127c
1036,19,4507d98e-44d1-40ea-8733-8047738b9a7a,b0d8ab28-e562-40b8-ae9a-3511218e347c
1495,19,110491fc-f060-4b9d-ab2c-bb0806824948,3ba35124-1b67-405d-8399-4d6ce89274f0
1578,20,110491fc-f060-4b9d-ab2c-bb0806824948,365bd577-d56d-4a19-b32f-005ff6582248
1037,20,4507d98e-44d1-40ea-8733-8047738b9a7a,2c9f9c28-79d6-4dad-ac84-d9a885b6319a
1140,20,13b71402-f2cb-4aa3-9b17-639652e87ca8,6ae1e775-7e0b-4156-a246-7ea52fe37a50
1515,20,db2bcb8a-c799-4233-9699-dea23b975972,0a671dcd-50a7-4e35-8992-2ef1546f8389
1141,21,13b71402-f2cb-4aa3-9b17-639652e87ca8,9e9ee0fb-65f8-44f7-870e-220a6f3e7594
1581,21,110491fc-f060-4b9d-ab2c-bb0806824948,3ca2eae9-a111-45ba-a219-e07041e95740
1038,21,4507d98e-44d1-40ea-8733-8047738b9a7a,198ef139-431e-4fd9-b421-272f3592452d
1039,22,4507d98e-44d1-40ea-8733-8047738b9a7a,0ae9e6c0-e06e-46e5-9be1-99ae8e442a54
1142,22,13b71402-f2cb-4aa3-9b17-639652e87ca8,e66796dd-85e8-4b14-ae3f-1f2c948e96ca
1584,22,110491fc-f060-4b9d-ab2c-bb0806824948,7501cd9f-52e1-4944-b538-2313d7ed4c27
1040,23,4507d98e-44d1-40ea-8733-8047738b9a7a,d3cd1e9a-3001-4391-8ae7-36aec8b00d2e
1143,23,13b71402-f2cb-4aa3-9b17-639652e87ca8,eaab8e04-ef0e-47f9-bb11-41c4f5dcc4ca
1588,23,110491fc-f060-4b9d-ab2c-bb0806824948,b4bcc825-3e6a-4492-907a-4d3da183a207
1518,23,db2bcb8a-c799-4233-9699-dea23b975972,eea2352d-f8b4-45bc-b0b1-e670620837e2
1591,24,110491fc-f060-4b9d-ab2c-bb0806824948,dd897bae-9576-43ba-95da-4e5f5f31b869
1041,24,4507d98e-44d1-40ea-8733-8047738b9a7a,4967456a-3faf-40e7-9862-5c63e1d5636e
1144,24,13b71402-f2cb-4aa3-9b17-639652e87ca8,45b967be-280a-4d5c-9b61-94f4e25ef161
1519,24,db2bcb8a-c799-4233-9699-dea23b975972,a6f289fb-dc25-4808-ad01-e21ade14e16a
1573,25,db2bcb8a-c799-4233-9699-dea23b975972,10ca01cf-8659-4bd4-9e39-6a94a3eebb70
1042,25,4507d98e-44d1-40ea-8733-8047738b9a7a,41f67807-38d9-4a64-9e78-3936c1887bfd
1145,25,13b71402-f2cb-4aa3-9b17-639652e87ca8,b624eb37-c9b7-4b25-8f34-74b3959b89f5
1146,26,13b71402-f2cb-4aa3-9b17-639652e87ca8,d3f251f9-02cd-47de-9035-fe6b0ae9ac4a
1043,26,4507d98e-44d1-40ea-8733-8047738b9a7a,8baef179-28a7-452b-a471-64c832e70e1b
1574,26,db2bcb8a-c799-4233-9699-dea23b975972,12a24cea-5e9a-46b8-9eb8-d284142cbf74
1576,27,db2bcb8a-c799-4233-9699-dea23b975972,1a3d2ba6-c58a-4e60-8852-2ef6370f8efc
1044,27,4507d98e-44d1-40ea-8733-8047738b9a7a,0d5d6315-fac7-49ca-b3f2-437c315c11e4
1147,27,13b71402-f2cb-4aa3-9b17-639652e87ca8,a3cb96dd-425f-4a62-9df4-38930f40a7ca
1045,28,4507d98e-44d1-40ea-8733-8047738b9a7a,9d86b8a6-81ff-4ecd-93fe-be69e56c981a
1148,28,13b71402-f2cb-4aa3-9b17-639652e87ca8,e1de620b-45ea-462c-91a7-3e3d087167df
1577,28,db2bcb8a-c799-4233-9699-dea23b975972,223886cd-b5bc-473e-b398-a1f640e6c4d2
1149,29,13b71402-f2cb-4aa3-9b17-639652e87ca8,881e4b66-a1f0-4db0-97fe-04c807cd69ee
1579,29,db2bcb8a-c799-4233-9699-dea23b975972,365bd577-d56d-4a19-b32f-005ff6582248
1046,29,4507d98e-44d1-40ea-8733-8047738b9a7a,b5f103f7-d512-412a-ab52-788453a134da
1150,30,13b71402-f2cb-4aa3-9b17-639652e87ca8,b590fe84-d0e5-45c9-8cb2-ac973cdda47f
1047,30,4507d98e-44d1-40ea-8733-8047738b9a7a,4dc2d5ff-ccca-4a0c-805c-f851e3b1a134
1580,30,db2bcb8a-c799-4233-9699-dea23b975972,3ca2eae9-a111-45ba-a219-e07041e95740
1048,31,4507d98e-44d1-40ea-8733-8047738b9a7a,5f13f8fa-c0a2-450f-a17d-8b44d34a1850
1582,31,db2bcb8a-c799-4233-9699-dea23b975972,66b64319-c80a-437f-b22e-671a60c06198
1151,31,13b71402-f2cb-4aa3-9b17-639652e87ca8,2fee2aa4-3926-4434-8379-3ca7389f8804
1152,32,13b71402-f2cb-4aa3-9b17-639652e87ca8,eee9c593-0df0-4db7-8ab8-2a0dfcf1f27f
1049,32,4507d98e-44d1-40ea-8733-8047738b9a7a,e1046dae-82c8-4d6c-93a4-b126f6fcfbf9
1586,32,db2bcb8a-c799-4233-9699-dea23b975972,9a0582e7-4973-4f6d-934c-b62cb061ed07
1050,33,4507d98e-44d1-40ea-8733-8047738b9a7a,da4c6b94-f422-4ed7-9f75-d9ccd577ccdd
1590,33,db2bcb8a-c799-4233-9699-dea23b975972,dd897bae-9576-43ba-95da-4e5f5f31b869
1153,33,13b71402-f2cb-4aa3-9b17-639652e87ca8,984412cb-de8a-4a16-bab8-f96bc1a25fc0
1051,34,4507d98e-44d1-40ea-8733-8047738b9a7a,64ada48b-a2b3-44bb-91da-9616f62f9493
1154,34,13b71402-f2cb-4aa3-9b17-639652e87ca8,07e65f4b-c981-4408-81d4-4a3e5f874211
1155,35,13b71402-f2cb-4aa3-9b17-639652e87ca8,30e5c9a2-d541-4be1-b2b9-917eb0f68d55
1052,35,4507d98e-44d1-40ea-8733-8047738b9a7a,2236d70a-73a7-4ed1-ab06-cd03163ecb00
1156,36,13b71402-f2cb-4aa3-9b17-639652e87ca8,a873cf08-3da2-4039-916c-3bcc13fefdb7
1053,36,4507d98e-44d1-40ea-8733-8047738b9a7a,c8cfb28f-2d12-46e7-9bd0-e194f9e1e5dc
1157,37,13b71402-f2cb-4aa3-9b17-639652e87ca8,2fce0bfb-8b67-4290-b4c0-28a0e78db377
1054,37,4507d98e-44d1-40ea-8733-8047738b9a7a,083cedc3-89ed-4029-b0ca-4e84cd4a2797
1158,38,13b71402-f2cb-4aa3-9b17-639652e87ca8,09687def-9fb7-4fc0-96c5-ec959994c9fc
1055,38,4507d98e-44d1-40ea-8733-8047738b9a7a,fb2dc7e1-442e-40df-899c-3ff1137792c6
1056,39,4507d98e-44d1-40ea-8733-8047738b9a7a,09e36914-a9bb-48fe-a3f9-336cc0b80afe
1159,39,13b71402-f2cb-4aa3-9b17-639652e87ca8,cef04c28-7cd5-4491-9378-565f2a75c5c8
1057,40,4507d98e-44d1-40ea-8733-8047738b9a7a,e3e1b9ee-1784-491b-8604-4a93b6f0c8a9
1160,40,13b71402-f2cb-4aa3-9b17-639652e87ca8,bafb8e18-e079-4890-9b97-4fcf0b77f90b
1161,41,13b71402-f2cb-4aa3-9b17-639652e87ca8,fc90f9cc-aee0-4526-893a-06098ef861c5
1058,41,4507d98e-44d1-40ea-8733-8047738b9a7a,18110118-9e35-47d2-a62e-89f186fcb5ce
1162,42,13b71402-f2cb-4aa3-9b17-639652e87ca8,9a0582e7-4973-4f6d-934c-b62cb061ed07
1059,42,4507d98e-44d1-40ea-8733-8047738b9a7a,45ec6dcb-466a-42b2-85df-01b56257cba1
1163,43,13b71402-f2cb-4aa3-9b17-639652e87ca8,2efad427-197e-4532-aac7-c56a7b5d9b54
1060,43,4507d98e-44d1-40ea-8733-8047738b9a7a,3cc7c1ce-b9cd-469c-a30a-9e00f221e1e5
1164,44,13b71402-f2cb-4aa3-9b17-639652e87ca8,cd2b2bab-14a5-45d2-90e8-fa7751a9d741
1061,44,4507d98e-44d1-40ea-8733-8047738b9a7a,27cf559c-b3ae-4153-ad12-dcebd8d93d26
1062,45,4507d98e-44d1-40ea-8733-8047738b9a7a,d71a7b04-8012-407f-95cb-1bc4b6193a73
1165,45,13b71402-f2cb-4aa3-9b17-639652e87ca8,312ecd23-8956-4709-b8f3-8a333d51f8f3
1063,46,4507d98e-44d1-40ea-8733-8047738b9a7a,0d49c9e8-13c8-4973-bc15-c0b7708fe49c
1166,46,13b71402-f2cb-4aa3-9b17-639652e87ca8,df91143d-57e5-4d94-acbc-c7d194209160
1167,47,13b71402-f2cb-4aa3-9b17-639652e87ca8,2a3d6002-7690-47a4-9491-e01f51eb61b0
1064,47,4507d98e-44d1-40ea-8733-8047738b9a7a,3a469ccb-3233-4117-b004-656e8fa03deb
1065,48,4507d98e-44d1-40ea-8733-8047738b9a7a,76d372db-3fcb-4fb2-95d1-5da1e9922833
1168,48,13b71402-f2cb-4aa3-9b17-639652e87ca8,09c85da8-2dab-4458-8694-730134b470df
1066,49,4507d98e-44d1-40ea-8733-8047738b9a7a,c0038ca7-c669-49e6-8b85-f298f004f9a1
1169,49,13b71402-f2cb-4aa3-9b17-639652e87ca8,94abf15b-80ad-45df-b99a-70625d3c6af0
1170,50,13b71402-f2cb-4aa3-9b17-639652e87ca8,9216cf52-d2bb-46ba-857a-049d0a574f22
1067,50,4507d98e-44d1-40ea-8733-8047738b9a7a,9dfaea63-bfce-4b46-954e-025a0fb64aa5
1068,51,4507d98e-44d1-40ea-8733-8047738b9a7a,29c4d65b-ac8c-4705-be0a-0833c37c979f
1171,51,13b71402-f2cb-4aa3-9b17-639652e87ca8,1be0259c-a32d-442e-a2cf-749a8e5e52a8
1069,52,4507d98e-44d1-40ea-8733-8047738b9a7a,c49ae915-2d99-44b5-bef8-a9d88028e589
1172,52,13b71402-f2cb-4aa3-9b17-639652e87ca8,ef38cac4-cb69-4d41-af63-8ba919cde2e1
1173,53,13b71402-f2cb-4aa3-9b17-639652e87ca8,d72c8def-f0ad-4a42-95dd-0ec8f9b9af01
1070,53,4507d98e-44d1-40ea-8733-8047738b9a7a,2b354602-6199-44b3-a637-a2774cb7d0e1
1174,54,13b71402-f2cb-4aa3-9b17-639652e87ca8,c7352fd3-d447-4964-b23b-45c7921ea04b
1071,54,4507d98e-44d1-40ea-8733-8047738b9a7a,c5050d01-41b1-454d-83ad-542873399ec1
1072,55,4507d98e-44d1-40ea-8733-8047738b9a7a,beba2566-9423-4a50-937d-334cfcf8b9b7
1175,55,13b71402-f2cb-4aa3-9b17-639652e87ca8,6f727f3a-bc06-4ffc-ae61-f485ebd5e04e
1073,56,4507d98e-44d1-40ea-8733-8047738b9a7a,4072ec7f-af25-455a-a9d7-b184c5e4b030
1177,57,13b71402-f2cb-4aa3-9b17-639652e87ca8,72dd0b19-36e6-4dff-b4c4-37f6e1e0b072
1074,57,4507d98e-44d1-40ea-8733-8047738b9a7a,da165973-9ac4-45ae-9865-08b2c9d2f1f7
1178,58,13b71402-f2cb-4aa3-9b17-639652e87ca8,2b57fbc8-6e76-4585-8e30-a8c46bbbb664
1075,58,4507d98e-44d1-40ea-8733-8047738b9a7a,10a4aae5-e2d9-4168-bb9c-d471adcd782c
1179,59,13b71402-f2cb-4aa3-9b17-639652e87ca8,82615276-558a-4e76-856e-b7ecbfe75172
1076,59,4507d98e-44d1-40ea-8733-8047738b9a7a,d3bbc0e6-22a8-4deb-936c-6ff60b5fe8e2
1180,60,13b71402-f2cb-4aa3-9b17-639652e87ca8,dc4f7ca1-6772-46c4-8ae1-04437c3d17e9
1077,60,4507d98e-44d1-40ea-8733-8047738b9a7a,61c33efe-13c1-499d-94ba-fec14731f79b
1181,61,13b71402-f2cb-4aa3-9b17-639652e87ca8,ea7056b7-1704-4dbd-9a24-6c3176bad62e
1182,62,13b71402-f2cb-4aa3-9b17-639652e87ca8,0c220e50-2a23-4d7d-be4d-32ad07d07630
1183,63,13b71402-f2cb-4aa3-9b17-639652e87ca8,2c31422d-505f-4e3c-a26f-ef56842b1a0c
1184,64,13b71402-f2cb-4aa3-9b17-639652e87ca8,c5f78e8a-cffc-47d5-9984-491494410b7a
1185,65,13b71402-f2cb-4aa3-9b17-639652e87ca8,05b3b114-ea84-41c7-92db-27ac30922bc1
1186,66,13b71402-f2cb-4aa3-9b17-639652e87ca8,a3bf3a23-4e6a-4d60-af08-287b1954425d
1187,67,13b71402-f2cb-4aa3-9b17-639652e87ca8,de7c0779-16ad-4710-83fe-433ebcb2b5c7
1188,68,13b71402-f2cb-4aa3-9b17-639652e87ca8,98dd4738-76a4-4bdb-bca9-e3dc7ebef0e7
1189,69,13b71402-f2cb-4aa3-9b17-639652e87ca8,a27a6239-3f2b-435c-bc84-5a4371340f85
1190,70,13b71402-f2cb-4aa3-9b17-639652e87ca8,2fa50d70-2e6e-403d-9397-3e4de603d2a1
1191,71,13b71402-f2cb-4aa3-9b17-639652e87ca8,950770de-e264-4ccb-b576-c8ca55dc6cc2
1192,72,13b71402-f2cb-4aa3-9b17-639652e87ca8,e9ddb14c-b566-4f4e-9cde-6359db8f751c
1193,73,13b71402-f2cb-4aa3-9b17-639652e87ca8,7e5d2151-9b5c-41f6-97b5-df5349eac54b
1194,74,13b71402-f2cb-4aa3-9b17-639652e87ca8,f30bcf6d-d1bd-42a6-844a-82eab8ae2dd2
1195,75,13b71402-f2cb-4aa3-9b17-639652e87ca8,37027c51-98dd-449e-aabf-614a50409eb7
1196,76,13b71402-f2cb-4aa3-9b17-639652e87ca8,9b01dcea-622a-4a9b-b574-97d93e55ea93
1197,77,13b71402-f2cb-4aa3-9b17-639652e87ca8,4a703560-ecf5-4ae8-a7e2-028076ec3708
1198,78,13b71402-f2cb-4aa3-9b17-639652e87ca8,e8217bb3-f6d3-4975-a2bb-e20634d5f7ad
1199,79,13b71402-f2cb-4aa3-9b17-639652e87ca8,bf55088e-5461-4ca3-a827-7df717543afd
1200,80,13b71402-f2cb-4aa3-9b17-639652e87ca8,c8ec2092-310b-42a7-b35e-766106be0c83
1201,81,13b71402-f2cb-4aa3-9b17-639652e87ca8,3285706a-d2d4-40d7-81ee-f9fbd1772bdf
1202,82,13b71402-f2cb-4aa3-9b17-639652e87ca8,d9a47e4d-191a-4a60-8946-8e4783e06017
1203,83,13b71402-f2cb-4aa3-9b17-639652e87ca8,de71012b-2f50-4143-82e8-d45ce6b44bdb
1204,84,13b71402-f2cb-4aa3-9b17-639652e87ca8,5cb30320-44e8-4578-92eb-c08ef1e38e48
1205,85,13b71402-f2cb-4aa3-9b17-639652e87ca8,2ca7fe23-88b3-4fc6-bee0-b47631ee462e
1206,86,13b71402-f2cb-4aa3-9b17-639652e87ca8,a4fe6879-c2c2-4cb0-8851-2fb2cd772eba
1207,87,13b71402-f2cb-4aa3-9b17-639652e87ca8,ed930cc5-0074-44ce-9ef4-f2682fde22f0
1208,88,13b71402-f2cb-4aa3-9b17-639652e87ca8,55f6778b-9e0e-48c9-980b-bb9049fab2f8
1209,89,13b71402-f2cb-4aa3-9b17-639652e87ca8,0a671dcd-50a7-4e35-8992-2ef1546f8389
1210,90,13b71402-f2cb-4aa3-9b17-639652e87ca8,1eac3b2c-d048-4031-a327-fd2358a08ceb
1211,91,13b71402-f2cb-4aa3-9b17-639652e87ca8,d3a2d225-c380-4078-b8f7-d1e5d38d7e8f
1212,92,13b71402-f2cb-4aa3-9b17-639652e87ca8,6cdd104e-eb79-4eba-b30d-0a92ad4b6423
1213,93,13b71402-f2cb-4aa3-9b17-639652e87ca8,64abb887-2274-489b-9924-2edf69e14e5c
1214,94,13b71402-f2cb-4aa3-9b17-639652e87ca8,89cadf76-e6aa-4e05-908e-74e1e1d72eec
1215,95,13b71402-f2cb-4aa3-9b17-639652e87ca8,21467b38-49d0-43cb-8948-522058178f1b
1216,96,13b71402-f2cb-4aa3-9b17-639652e87ca8,13b43dfb-a0f0-4efc-aeda-6324bbb9c9ab
1217,97,13b71402-f2cb-4aa3-9b17-639652e87ca8,101b010c-c65a-4fc2-aed2-c7c30ffd2378
1218,98,13b71402-f2cb-4aa3-9b17-639652e87ca8,46f1d4e0-30d2-43cb-b24b-b551568570bb
1219,99,13b71402-f2cb-4aa3-9b17-639652e87ca8,3ceb4f3c-777c-4ae9-89cb-7e10e207f14f
1220,100,13b71402-f2cb-4aa3-9b17-639652e87ca8,7cc635e8-94ba-4faf-84b9-c4c68df2edd9
1221,101,13b71402-f2cb-4aa3-9b17-639652e87ca8,bfb636ab-4809-4fda-81a9-e1899da615d8
1222,102,13b71402-f2cb-4aa3-9b17-639652e87ca8,1ea4f866-889f-4c18-ac30-2a0e034c547c
1223,103,13b71402-f2cb-4aa3-9b17-639652e87ca8,e4fa38ad-d9be-491d-aa4f-ab8c602bf582
1224,104,13b71402-f2cb-4aa3-9b17-639652e87ca8,722fbfd0-8c41-4c67-ad8a-5884619ae090
1225,105,13b71402-f2cb-4aa3-9b17-639652e87ca8,22d6b661-b2b1-4618-a794-1887a35f0d78
1226,106,13b71402-f2cb-4aa3-9b17-639652e87ca8,fb9867a0-7a2d-4e1b-81a4-a8562389aef0
1227,107,13b71402-f2cb-4aa3-9b17-639652e87ca8,7448f385-5f7f-4543-be58-4fd4985d2672
1228,108,13b71402-f2cb-4aa3-9b17-639652e87ca8,943b4a6b-c528-4719-8f27-c75aadb7c1d6
1229,109,13b71402-f2cb-4aa3-9b17-639652e87ca8,822fcd2f-13de-4fad-9a93-bea37e2efad4
1230,110,13b71402-f2cb-4aa3-9b17-639652e87ca8,b7539985-5142-405b-ba2b-3085774b7799
1231,111,13b71402-f2cb-4aa3-9b17-639652e87ca8,b851fd8d-9d83-4421-822a-9c1f03e1b0cb
1232,112,13b71402-f2cb-4aa3-9b17-639652e87ca8,40d3b563-556a-4bcc-89c6-7402d5af067d
1233,113,13b71402-f2cb-4aa3-9b17-639652e87ca8,158318c3-43eb-4fa5-938a-b96286e6fd04
1234,114,13b71402-f2cb-4aa3-9b17-639652e87ca8,ea94a1aa-b80d-4d2f-9cbc-5f63b9e378eb
1235,115,13b71402-f2cb-4aa3-9b17-639652e87ca8,1efe5559-52d8-4447-ad49-cbf0539b6210
1236,116,13b71402-f2cb-4aa3-9b17-639652e87ca8,8e81f290-c15e-4d31-9166-c87f573d15c9
1237,117,13b71402-f2cb-4aa3-9b17-639652e87ca8,5543956f-39bf-41cf-8fe6-4ab41d39ee7b
1238,118,13b71402-f2cb-4aa3-9b17-639652e87ca8,eee28dd3-e518-42c8-ab4c-bc3bdaac41a2
1239,119,13b71402-f2cb-4aa3-9b17-639652e87ca8,d7b811fd-e7bc-47b9-acd2-9a8ed663dd26
1240,120,13b71402-f2cb-4aa3-9b17-639652e87ca8,8247cb77-d6b3-46f0-bafb-efaa38b6e32e
1241,121,13b71402-f2cb-4aa3-9b17-639652e87ca8,5ca4916b-2464-4613-9d56-17b5211ff85b
1242,122,13b71402-f2cb-4aa3-9b17-639652e87ca8,72f1be77-4be9-4dbc-8c63-78a3d46f37eb
1243,123,13b71402-f2cb-4aa3-9b17-639652e87ca8,fd7c284e-da0c-4b24-a36c-eb975b12fb14
1244,124,13b71402-f2cb-4aa3-9b17-639652e87ca8,1b1a412d-3140-4bb7-822a-4c6149b9f8cd
1245,125,13b71402-f2cb-4aa3-9b17-639652e87ca8,677710a6-1bb4-4f12-b3ed-3d3bfa01ab36
1246,126,13b71402-f2cb-4aa3-9b17-639652e87ca8,5cd38bcc-109c-4eb6-b52e-83f2256afbd5
1247,127,13b71402-f2cb-4aa3-9b17-639652e87ca8,e1046dae-82c8-4d6c-93a4-b126f6fcfbf9
1248,128,13b71402-f2cb-4aa3-9b17-639652e87ca8,594447b9-975c-4ccd-ad6d-86360e04903b
1249,129,13b71402-f2cb-4aa3-9b17-639652e87ca8,2808221f-713c-43ad-ada5-c58795a88514
1250,130,13b71402-f2cb-4aa3-9b17-639652e87ca8,5d6c1beb-6882-4977-8568-3d7fced6e26d
1251,131,13b71402-f2cb-4aa3-9b17-639652e87ca8,b8563229-44ab-4073-8e88-24bc02723a65
1252,132,13b71402-f2cb-4aa3-9b17-639652e87ca8,86cbd127-9eee-4dfb-ba78-32115ab8ac3f
1253,133,13b71402-f2cb-4aa3-9b17-639652e87ca8,7f4a313b-f7c9-47bf-abf9-98b14cda5ba7
1254,134,13b71402-f2cb-4aa3-9b17-639652e87ca8,ff7de896-5252-477a-88f8-4ad5b89c7b3e
1255,135,13b71402-f2cb-4aa3-9b17-639652e87ca8,acddd640-35dc-4e70-bfff-f3727326d369
1256,136,13b71402-f2cb-4aa3-9b17-639652e87ca8,4c83c534-3d12-480f-aa88-c0fe2a6c6b52
1257,137,13b71402-f2cb-4aa3-9b17-639652e87ca8,5e80d0d1-7b85-41da-aa28-29af079e8963
1258,138,13b71402-f2cb-4aa3-9b17-639652e87ca8,fea9d1b6-1f5e-4922-9021-8b620d506193
1259,139,13b71402-f2cb-4aa3-9b17-639652e87ca8,02e961ec-4609-4ea5-bf2b-90a47fb6f20d
1260,140,13b71402-f2cb-4aa3-9b17-639652e87ca8,0c627641-eb5f-44be-aa9c-0cb5aaeaab58
1261,141,13b71402-f2cb-4aa3-9b17-639652e87ca8,298edd89-46cb-46d1-a8ae-fa759b6c57a7
1262,142,13b71402-f2cb-4aa3-9b17-639652e87ca8,12a24cea-5e9a-46b8-9eb8-d284142cbf74
1263,143,13b71402-f2cb-4aa3-9b17-639652e87ca8,d4259f5b-5cfd-4455-8184-cea714d8d8fe
1264,144,13b71402-f2cb-4aa3-9b17-639652e87ca8,e8c17ee6-ccc9-45a3-930b-47cd4b29ecee
1265,145,13b71402-f2cb-4aa3-9b17-639652e87ca8,e0dfab56-e527-48e6-b525-e86863dded14
1266,146,13b71402-f2cb-4aa3-9b17-639652e87ca8,c478c80b-b2f3-48ca-a3b3-825715f51fd8
1267,147,13b71402-f2cb-4aa3-9b17-639652e87ca8,a75d6183-fe00-4b00-a6a3-ce4d52fe52e1
1268,148,13b71402-f2cb-4aa3-9b17-639652e87ca8,cc0386be-5dca-4b01-8840-a325d6360d03
1269,149,13b71402-f2cb-4aa3-9b17-639652e87ca8,88bc4069-7790-490d-a4a8-6a4c2c23b51b
1270,150,13b71402-f2cb-4aa3-9b17-639652e87ca8,c6b0eed2-1013-4dd2-a441-d0dc799341db
1271,151,13b71402-f2cb-4aa3-9b17-639652e87ca8,5d33f1c7-2932-4f9e-8f99-646ee42b2b0d
1272,152,13b71402-f2cb-4aa3-9b17-639652e87ca8,8bf5c68b-3c6e-4696-99de-f50e5fa83a80
1273,153,13b71402-f2cb-4aa3-9b17-639652e87ca8,e803d560-3358-44ce-8028-eda40a75681f
1274,154,13b71402-f2cb-4aa3-9b17-639652e87ca8,d176d318-5b7d-4b5b-a72c-049a3c15ee22
1275,155,13b71402-f2cb-4aa3-9b17-639652e87ca8,35242c52-d20b-41d3-bae1-ef853bc3a7ec
1276,156,13b71402-f2cb-4aa3-9b17-639652e87ca8,1c971a51-4b51-4cd5-a5b6-01f8337cc3af
1277,157,13b71402-f2cb-4aa3-9b17-639652e87ca8,095d5426-8205-4dfc-a2ce-7d1208d5f590
1278,158,13b71402-f2cb-4aa3-9b17-639652e87ca8,37d3cab3-24a9-44c4-88a0-c394bb72423b
1279,159,13b71402-f2cb-4aa3-9b17-639652e87ca8,4aeafada-c3c0-47b0-be3c-c278df4dbede
1280,160,13b71402-f2cb-4aa3-9b17-639652e87ca8,6bebbb69-28e3-4414-a540-d9706fcdcc97
1281,161,13b71402-f2cb-4aa3-9b17-639652e87ca8,ac6a7c89-8978-48da-bfe9-131acb5dc69c
1282,162,13b71402-f2cb-4aa3-9b17-639652e87ca8,083cedc3-89ed-4029-b0ca-4e84cd4a2797
1283,163,13b71402-f2cb-4aa3-9b17-639652e87ca8,09e36914-a9bb-48fe-a3f9-336cc0b80afe
1284,164,13b71402-f2cb-4aa3-9b17-639652e87ca8,94bf8cf1-c688-4e55-89fb-33579199eed0
1285,165,13b71402-f2cb-4aa3-9b17-639652e87ca8,5b0cdd2a-c355-4145-875d-a3dc7c5069a4
1286,166,13b71402-f2cb-4aa3-9b17-639652e87ca8,2c4c77fe-a1ba-4a54-aafa-699a0f821be4
1287,167,13b71402-f2cb-4aa3-9b17-639652e87ca8,21e5b374-c27e-4218-9d60-451de6cd83da
1288,168,13b71402-f2cb-4aa3-9b17-639652e87ca8,583a36cf-21a7-4639-b54f-6ba23e043c8a
1289,169,13b71402-f2cb-4aa3-9b17-639652e87ca8,92c0080f-1951-4a22-a6ea-2a8a2ef0381b
1290,170,13b71402-f2cb-4aa3-9b17-639652e87ca8,66b64319-c80a-437f-b22e-671a60c06198
1291,171,13b71402-f2cb-4aa3-9b17-639652e87ca8,8820e017-4cc6-4816-9f39-a3e5181f904b
1292,172,13b71402-f2cb-4aa3-9b17-639652e87ca8,ec60c61e-d773-4b73-ae62-2cb44a75d929
1293,173,13b71402-f2cb-4aa3-9b17-639652e87ca8,eefea7fd-e112-4cad-aefd-7f9f98ab3b87
1294,174,13b71402-f2cb-4aa3-9b17-639652e87ca8,2454c5f5-e96a-4b2d-a45d-4bb79b9de81a
1295,175,13b71402-f2cb-4aa3-9b17-639652e87ca8,69f2375e-5a4a-41f1-a701-0b8301b09307
1296,176,13b71402-f2cb-4aa3-9b17-639652e87ca8,a1aff984-5a0f-4379-a124-a6a12bc859bb
1297,177,13b71402-f2cb-4aa3-9b17-639652e87ca8,b4bcc825-3e6a-4492-907a-4d3da183a207
1298,178,13b71402-f2cb-4aa3-9b17-639652e87ca8,8c770ef1-adc2-4c20-9603-d1ba1367b03d
1299,179,13b71402-f2cb-4aa3-9b17-639652e87ca8,d7835165-2981-4bf6-b4b3-9b608f239da0
1300,180,13b71402-f2cb-4aa3-9b17-639652e87ca8,9e3f67c4-6bbd-415c-8d64-6b293808a2e1
1301,181,13b71402-f2cb-4aa3-9b17-639652e87ca8,762d649c-4a7b-49fc-b00b-1178f14718a1
1302,182,13b71402-f2cb-4aa3-9b17-639652e87ca8,27c7edae-7798-4f0e-803b-5371c689a745
1303,183,13b71402-f2cb-4aa3-9b17-639652e87ca8,1d578721-f86f-44fe-b199-2b1c17e0988b
1304,184,13b71402-f2cb-4aa3-9b17-639652e87ca8,afca228c-46aa-42a2-9e63-fa9d0455020f
1305,185,13b71402-f2cb-4aa3-9b17-639652e87ca8,dda104f3-38b3-40c5-b03b-ce41b037a64c
1306,186,13b71402-f2cb-4aa3-9b17-639652e87ca8,87bbed7f-285e-41c2-852a-aa7001bf4a5c
1307,187,13b71402-f2cb-4aa3-9b17-639652e87ca8,cf5d7790-a902-47fe-87b3-bc0a5e6411cd
1308,188,13b71402-f2cb-4aa3-9b17-639652e87ca8,018c2daf-2faf-479b-97c0-7605114a577a
1309,189,13b71402-f2cb-4aa3-9b17-639652e87ca8,5af7d1a3-55b3-46fd-932a-26d8d38c0752
1310,190,13b71402-f2cb-4aa3-9b17-639652e87ca8,0a87bef7-a343-4e78-8cbf-a68a9dbefa5b
1311,191,13b71402-f2cb-4aa3-9b17-639652e87ca8,97b3938e-31bd-4d41-9b8e-6b8be5bbe652
1312,192,13b71402-f2cb-4aa3-9b17-639652e87ca8,0ddc59e9-4bc5-4000-bf00-eb2df0a2cffe
1313,193,13b71402-f2cb-4aa3-9b17-639652e87ca8,864b264a-9a19-47af-a85c-bcb3d99d3124
1314,194,13b71402-f2cb-4aa3-9b17-639652e87ca8,609ff412-7728-4cb3-b51e-4e33026ff8e8
1315,195,13b71402-f2cb-4aa3-9b17-639652e87ca8,c1231a09-dbd1-4be9-87c6-44387f12704f
1316,196,13b71402-f2cb-4aa3-9b17-639652e87ca8,f24e8fa7-1fb1-4355-af19-7116d3be5a5e
1317,197,13b71402-f2cb-4aa3-9b17-639652e87ca8,c048ce91-3977-407d-b4d5-8a788bd44478
1318,198,13b71402-f2cb-4aa3-9b17-639652e87ca8,d11f1d5d-28a4-413e-9fb1-59b062197c1d
1319,199,13b71402-f2cb-4aa3-9b17-639652e87ca8,fb348811-ed9f-4449-b3b3-af2786401b53
1320,200,13b71402-f2cb-4aa3-9b17-639652e87ca8,7ebcbe3c-82af-40e6-985c-bbf3d7e8d57a
1321,201,13b71402-f2cb-4aa3-9b17-639652e87ca8,5fd0f2d8-409b-4368-8497-1d9a8685ce7f
1322,202,13b71402-f2cb-4aa3-9b17-639652e87ca8,378f668b-85e2-46e9-b03b-f5a9694baea1
1323,203,13b71402-f2cb-4aa3-9b17-639652e87ca8,2563df70-29b3-4d20-9a30-545a167b6a41
1324,204,13b71402-f2cb-4aa3-9b17-639652e87ca8,10ca01cf-8659-4bd4-9e39-6a94a3eebb70
1325,205,13b71402-f2cb-4aa3-9b17-639652e87ca8,bd2c7362-5aea-4092-a1a5-68bd232f586e
1326,206,13b71402-f2cb-4aa3-9b17-639652e87ca8,cbcd4eb3-e11a-4544-a929-546c420c2cf9
1327,207,13b71402-f2cb-4aa3-9b17-639652e87ca8,42ab6784-6377-4c20-afe1-426a4a1b3f6c
1328,208,13b71402-f2cb-4aa3-9b17-639652e87ca8,9826302b-0287-48ae-8d69-b0701313722d
1329,209,13b71402-f2cb-4aa3-9b17-639652e87ca8,cfc6ddd0-e643-4abb-a240-f21fd4214236
1330,210,13b71402-f2cb-4aa3-9b17-639652e87ca8,bab8c4e2-01b8-44c2-83b3-a1ba18be79b6
1331,211,13b71402-f2cb-4aa3-9b17-639652e87ca8,d88b5d3e-5374-46b2-953d-2d2d8561daff
1332,212,13b71402-f2cb-4aa3-9b17-639652e87ca8,8987b137-c0bc-41ca-8838-c06328d11f2c
1333,213,13b71402-f2cb-4aa3-9b17-639652e87ca8,011623c5-bd7d-4848-9ba9-8d0bb24581f0
1334,214,13b71402-f2cb-4aa3-9b17-639652e87ca8,e9c9946e-e0a9-4c65-bbda-0ea73fb31d94
1335,215,13b71402-f2cb-4aa3-9b17-639652e87ca8,b625d336-1da6-4905-b32b-fa9f2f4456a2
1336,216,13b71402-f2cb-4aa3-9b17-639652e87ca8,6955e093-4b08-4401-b1a6-cf721295055e
1337,217,13b71402-f2cb-4aa3-9b17-639652e87ca8,379d55dc-9bbc-4aaf-b108-f0855fc758d5
1338,218,13b71402-f2cb-4aa3-9b17-639652e87ca8,b96141f9-e91a-4892-b5f2-324d77194782
1339,219,13b71402-f2cb-4aa3-9b17-639652e87ca8,5a04cbb8-6a73-47d2-8094-bb4cba867127
1340,220,13b71402-f2cb-4aa3-9b17-639652e87ca8,d44c7b58-de17-4d4e-84ff-f99c738f00fb
1341,221,13b71402-f2cb-4aa3-9b17-639652e87ca8,2b354602-6199-44b3-a637-a2774cb7d0e1
1342,222,13b71402-f2cb-4aa3-9b17-639652e87ca8,6cafe591-0018-4df8-8fc9-a7e1299a3713
1343,223,13b71402-f2cb-4aa3-9b17-639652e87ca8,89f96fcf-d4dc-44be-a3ed-a633589b7136
1344,224,13b71402-f2cb-4aa3-9b17-639652e87ca8,1772cce4-923c-49c3-98a7-d43f12439ee6
1345,225,13b71402-f2cb-4aa3-9b17-639652e87ca8,ba5da7aa-2cfb-4caf-99ec-0321f66774e3
1346,226,13b71402-f2cb-4aa3-9b17-639652e87ca8,c5050d01-41b1-454d-83ad-542873399ec1
1347,227,13b71402-f2cb-4aa3-9b17-639652e87ca8,beba2566-9423-4a50-937d-334cfcf8b9b7
1348,228,13b71402-f2cb-4aa3-9b17-639652e87ca8,20d2884c-c2e2-4808-abbc-c655bc81854b
1349,229,13b71402-f2cb-4aa3-9b17-639652e87ca8,229640d3-19aa-4213-9117-a43634c651a8
1350,230,13b71402-f2cb-4aa3-9b17-639652e87ca8,a870445d-e24e-418a-b43a-7423f00c72f8
1351,231,13b71402-f2cb-4aa3-9b17-639652e87ca8,c8b1c84d-5d50-444d-99fe-cdfd78476a55
1352,232,13b71402-f2cb-4aa3-9b17-639652e87ca8,4278013d-0002-413f-96c5-ab2f393ed0d2
1353,233,13b71402-f2cb-4aa3-9b17-639652e87ca8,1b89c0d8-910f-4caa-86fd-49277c0486ba
1354,234,13b71402-f2cb-4aa3-9b17-639652e87ca8,9e6ce1cb-8bd4-4f9a-bbdd-361884aa442f
1355,235,13b71402-f2cb-4aa3-9b17-639652e87ca8,b6947c2d-4bf7-4c00-8653-ed617eaa8870
1356,236,13b71402-f2cb-4aa3-9b17-639652e87ca8,3655a0ec-f956-4cc6-af5b-d6a6b19085d1
1357,237,13b71402-f2cb-4aa3-9b17-639652e87ca8,8f0eafe2-c440-4a7e-98b7-f5e6fe7332ff
1358,238,13b71402-f2cb-4aa3-9b17-639652e87ca8,da979f7f-b51a-40ac-9633-9d3f40f8eb13
1359,239,13b71402-f2cb-4aa3-9b17-639652e87ca8,49794b3b-7dc8-4331-8bb9-0f96017456ce
1360,240,13b71402-f2cb-4aa3-9b17-639652e87ca8,093c5955-7453-4558-906d-aacbbc90c145
1361,241,13b71402-f2cb-4aa3-9b17-639652e87ca8,0e3d5eb3-2188-48e2-beda-cbb656401129
1362,242,13b71402-f2cb-4aa3-9b17-639652e87ca8,0d577de6-f92a-4c62-9bef-1b356ab424ee
1363,243,13b71402-f2cb-4aa3-9b17-639652e87ca8,cf20aa4e-9077-4ea3-b646-fd23e7e72602
1364,244,13b71402-f2cb-4aa3-9b17-639652e87ca8,9fceb849-af91-40f7-8ca4-064b2124b888
1365,245,13b71402-f2cb-4aa3-9b17-639652e87ca8,f8f71b90-9862-4b1b-b774-5c1d449ad78a
1366,246,13b71402-f2cb-4aa3-9b17-639652e87ca8,947d886a-aa96-445c-bd67-13ac17588839
1367,247,13b71402-f2cb-4aa3-9b17-639652e87ca8,848c2c56-80f9-487d-a4a7-efdbf47c69ee
1368,248,13b71402-f2cb-4aa3-9b17-639652e87ca8,0ca4f2ff-b65c-4884-bc9e-329500ff9dc2
1369,249,13b71402-f2cb-4aa3-9b17-639652e87ca8,0cd89d9a-42c0-4956-8412-938760251bf1
1370,250,13b71402-f2cb-4aa3-9b17-639652e87ca8,1c26290f-9e8b-4c77-877f-535753b19d2d
1371,251,13b71402-f2cb-4aa3-9b17-639652e87ca8,cb0d4784-502b-4139-8f50-d198038fd66e
1372,252,13b71402-f2cb-4aa3-9b17-639652e87ca8,8ee66668-5011-4f57-bb4a-1a20cb93eabc
1373,253,13b71402-f2cb-4aa3-9b17-639652e87ca8,58393c34-370f-44b0-a977-c5dec5fc8e2c
1374,254,13b71402-f2cb-4aa3-9b17-639652e87ca8,a9e3a41d-3216-4e8a-998f-b2e1d1a75862
1375,255,13b71402-f2cb-4aa3-9b17-639652e87ca8,07c82375-96cb-4e1d-8a0b-ed4cfe29f77b
1376,256,13b71402-f2cb-4aa3-9b17-639652e87ca8,51cf5a6d-2b14-4518-b894-84c5647a8b00
1589,257,13b71402-f2cb-4aa3-9b17-639652e87ca8,dcc1bf24-bd36-4ca4-a31a-46736f3560e3
