id,email,person
21ff69f0-7603-4184-9747-bc20ccc9f61a,test@example.com,8d5f4d7f-6d38-40e9-adbc-2559daff6765
042e2df4-b0f2-404f-823a-46b65973b6bf,test@example.com,dd67e773-69ef-4ca7-9151-34d0ee6ce2a2
359828b7-e967-496c-8025-42f1fddf99e7,test@example.com,2b19f0e5-eeab-45ca-8e8b-9f862a1f87ca
89e87746-c95d-4c7d-8c66-c6e234007464,test@example.com,ddb908ba-6b4d-4a88-bdda-0760a8d72443
356d70a0-3f31-4678-961a-734104d25a34,test@example.com,ecb0c6dc-955a-4144-a97f-9baccd05f1a8
b47e4588-e066-4d80-90ad-e0230c5ff9af,test@example.com,fdac17a5-61e4-403d-bc46-d86152e60017
45d93547-e267-4b95-81bc-11068350b135,test@example.com,2d5651f1-6469-463a-8a2a-2595129c8211
810e7d89-f194-4a68-8998-0a1eda2236fe,test@example.com,32dc52c1-97da-4357-8c2a-bba1cd4f76a1
df6820ce-b6ba-4bb2-b35a-2587cc198311,test@example.com,5113324b-d9ad-4a05-ba27-e91d6575a410
fef9aea1-b87e-4a15-9ec1-88e765b6a4af,test@example.com,00c1f96f-d2c3-4103-8f04-153b4b35ed20
1f7afa9f-677c-45cc-9f76-f1ff03460cff,test@example.com,f29b0b81-756c-41e0-a857-9970239e3dcb
7a7c9699-46bb-4c3a-b48a-16a615bd6423,test@example.com,7f7decfa-2ddd-4b89-9b39-148ae71713f3
4ccbc1cf-5a23-485f-8ed0-e0fc04d4cfcf,test@example.com,2f5c2c32-d85d-4cfd-9a49-9d0f463b9c3f
23fc8c9c-4d64-4503-8770-177fa9985fef,test@example.com,9d471cc8-545a-4d5d-b6b7-ffc8f626b979
7ccde37b-28b8-41b2-86e3-7d2ab1f1e7f2,test@example.com,4dcf1b21-9e00-49fe-8de7-ad35091f675b
9036d7db-d269-48fb-810d-ec5bfa566bfa,test@example.com,70d5b9a8-5354-4e64-bee4-9055a914c1b0
14c3ef56-3608-4f53-b104-7da7e292dc1d,test@example.com,25994b34-565d-447d-adf5-2b248c396bc0
6e3e1630-fa5f-4503-8e90-c843cab22e60,test@example.com,53992904-a0ea-45b3-89d8-38304eb0b106
acaa4cef-bbd8-4cb5-8de0-d8b6e0ae8594,test@example.com,007fe156-eb60-4256-827b-248a3a768955
3e079e3c-394e-4a51-a4d3-9d0a30ce9c2e,test@example.com,ee07323e-5fb2-48bb-8403-dbe48e787517
a4e0324c-f979-487b-a22d-12be0fd7da5d,test@example.com,b0a1e61d-6631-4904-b340-b935bf27e6ea
150a7835-af12-4f22-9e51-fea2fb9f1054,test@example.com,005c4b5a-7eeb-4846-9f2f-cc713c45165d
f4819f6b-1ebc-4088-a5ad-e4c72180167f,test@example.com,e3e7733d-c17d-46f2-93c2-8833ea4d6c31
c455f18e-e2da-46d0-ac5c-00cab36d7da9,test@example.com,e1b4172e-55ed-4f2a-80e9-408814ef2cc2
71067e3b-a004-46fd-8ffd-a665c2936076,test@example.com,e2158aa4-74c8-46c8-a27b-3c71276316e1
1c1c462e-6d8f-43ad-982c-48df02430335,test@example.com,3d720908-e5cc-4b4b-a1d7-866ba4bb76d1
25e4e7af-65d4-4c38-aa31-4192e3a1a9e3,test@example.com,914b148f-1b32-4e4f-b5d9-eeea5419da01
348f8271-8ceb-494c-909a-8df6c5130de2,test@example.com,66165cb9-b1e7-4de4-8f90-be1f6da9c01e
1190f08c-3f76-4eb0-9130-ad0999b38286,test@example.com,d1d2436f-603c-4171-8f9c-96878ec75c7d
7a56e4cf-9e50-4e7e-a4d6-43636cbfa94e,test@example.com,208a1e2a-2540-4c84-a06e-5ccfda2e7255
527657da-92c9-49a8-acde-0ae7980659c6,test@example.com,4025ca79-0d4c-47ee-a38d-d6f800f79aa4
94381326-d318-4073-a1f7-615de2f93bee,test@example.com,0bd7e529-6469-4788-8aa4-c8b185942d31
b88efab0-9a14-4147-bec1-73c51a56226c,test@example.com,66569634-c728-4622-b970-a5a25281908e
c39b271c-2e40-484e-b901-7c9485d5184b,test@example.com,370a9301-7ff0-48f2-b546-5e73b5dc221e
f9959ee1-3ae7-445f-a279-2b60f67f4fb7,test@example.com,c540e461-0c1c-4a22-800d-78397e3d66fd
35dccff8-6359-456c-95f2-9600440ef2f1,test@example.com,f28fa12d-1642-4591-83b3-f3b55d88f910
03752f92-9a81-4e28-860a-f11eaddd20de,test@example.com,4b6a9bbd-2328-4118-ada2-58ac26b5997f
42a07b53-e1de-4c4f-8405-83a5cb821eeb,test@example.com,fe573da5-7026-4675-91be-451479de4269
ea2d684f-9844-43a5-8a0b-6f10f33e1952,test@example.com,ebf86cf5-1677-4fb0-995d-ace51f4d11a1
d1762ae8-809f-4501-a997-c754b8831e30,test@example.com,a9e692cc-6082-4328-825f-d423ae4ff140
8b260a58-737f-490f-8099-c8bf16678d98,test@example.com,6c43cf9b-830f-4a0d-9492-c74a7ab2b040
14aaccf6-e0d9-40b2-ae10-dfe7c829c367,test@example.com,7b1417e0-0860-4ac8-9ec0-c90e036245dc
fba3a2d7-c42a-4de9-9957-a54cc81e812b,test@example.com,a36ed50c-764d-47b6-8457-9665141e1250
4048f639-e97e-49eb-a3a3-7cdaf28ffd19,test@example.com,6d8ef085-f43b-4aad-af29-2b91ae1e18ed
20e3ddd7-286d-49d8-850a-39cfef6f6bfa,test@example.com,e3542b56-52c4-4b1b-8bc1-18c4430d5a7b
239944cf-2256-4c29-92e0-b298dcc97b22,test@example.com,bd698e18-87ee-401a-864a-875e32757a03
c619a2ec-8e8d-4fab-b563-20b0220a8b57,test@example.com,51576fd5-92f4-4f47-bb0e-9759a7b86c93
